Year,ECD3_bp,CO2 (ppmv)
2022,2.0,414.8132388823617
2021,3.0,412.7120655699813
2020,4.0,410.53160269864304
2019,5.0,407.9943368119949
2018,6.0,405.0903567151672
2017,7.0,403.1477625207022
2016,8.0,400.8186317263182
2015,9.0,397.4488254706136
2014,10.0,395.2683625992754
2013,11.0,393.21674526124355
2012,12.0,390.56054503615877
2011,13.0,388.37017096995083
2010,14.0,386.63571186775
2009,15.0,384.197557929799
2008,16.0,382.4036316583798
2007,17.0,380.6097053869606
2006,18.0,378.6968447771048
2005,19.0,376.605582659594
2004,20.0,374.345830229298
2003,21.0,372.6411047117063
2002,22.0,370.13357240966735
2001,22.970000000000027,368.02248790241714
1998,26.0,361.78073658846415
1996,27.72072787000002,359.6477931830841
1994,29.59435787999996,357.10673969933646
1993,30.920000000000073,353.94668533391206
1992,31.686482939999905,353.72423581425323
1991,32.865183290000004,352.41630841973364
1989,34.02860026999997,350.8086522409729
1989,34.592032190000054,349.8002703595191
1988,35.93048806999991,347.59740561133145
1988,35.033665059999976,349.27841464963046
1987,36.79140839999991,345.44120600376243
1986,37.383983799999896,344.71776861346984
1986,37.85677166000005,343.9736767615952
1985,38.23781998000004,343.1107520502481
1984,39.083247049999954,342.0519764062061
1983,40.97408134000011,339.4604885213476
1983,40.92315013000007,341.3292967441024
1979,44.85741011999994,334.84855553252345
1976,47.20324963000007,335.54695345792317
1976,47.32963031999998,332.3689555204767
1975,48.42907876999993,332.3656863259178
1974,49.866586679999955,331.54980566810485
1972,51.958982189999915,330.3504422217994
1972,51.911665619999894,328.41588801232757
1970,53.36284976000002,324.9059936630005
1970,53.127318020000075,326.3093257445175
1970,53.77831652000009,324.5570616692709
1970,53.34369799000001,326.6491948420144
1969,54.57678198000008,324.70605757685405
1968,55.01562917000001,325.07717594979096
1968,55.46125144000007,320.38065078205506
1968,55.18613051000011,324.08551736938495
1966,57.21095592000006,320.4923553617883
1966,57.45476467000003,322.1747797142201
1965,58.133988430000045,320.98156635342656
1965,58.702121889999944,319.1950596158425
1965,58.773650769999904,319.8929363220089
1963,60.43550441000002,319.12347301713646
1963,60.799981720000005,319.06606441856763
1962,61.678083600000036,317.5216280215933
1962,61.45790846,317.4481354802273
1962,61.6046589099999,319.1381732232432
1962,61.3847201399999,318.61106261456985
1961,62.28410000000008,316.59261011941027
1960,63.43133828000009,318.20658038167187
1960,63.68595520000008,313.0933880516286
1959,64.90730415000007,311.98389241638387
1958,65.89721415000008,316.1014028920352
1958,65.43702888000007,316.3340200101121
1957,66.12757570999997,314.57216625352925
1957,66.74246115999995,315.2703546298443
1957,66.79662635999989,316.3253801823537
1957,66.89625290000004,314.4370577968855
1956,67.8427999999999,315.342073915026
1954,69.20403534999991,314.7139613439055
1953,70.28606263000006,312.8003637775662
1953,70.44143863999989,312.22274083278216
1953,70.20845564000001,313.1710570119369
1952,71.61608182999998,312.1844627182946
1950,73.7491,312.0017776102837
1950,74.33152825999991,313.6602846482332
1949,75.22594531999994,309.6939936066409
1948,76.29351309999993,311.57094999761165
1947,77.33660316999999,310.36290017732523
1947,77.37313995999989,312.8663621464335
1946,78.44277983000006,311.9671347125998
1946,78.38416084000005,312.5596867804179
1946,78.61261126999989,311.8114965345337
1945,79.23567707999996,311.2775834649954
1945,79.03719019000005,310.440204448011
1945,79.49095734000002,310.224309572614
1944,80.42635206,312.36164019507424
1943,81.96458714999994,312.8437329659678
1943,81.7926589199999,311.878053578341
1942,82.22030175000009,312.393938618938
1941,83.1605846299999,311.80226771747726
1941,83.24599123999997,307.7386635857962
1940,84.40817268,310.9510867188181
1940,84.77751491999993,311.21179432912515
1940,84.03099999999995,309.80091502114107
1939,85.03227736000008,310.4566675193962
1939,85.83840000000009,308.47982780846024
1939,85.87014750999992,311.94102882822733
1938,86.13211987,311.52050972739016
1938,86.23330695000004,312.3293254879136
1937,87.13678570000002,307.4076931745866
1936,88.94369888999995,306.3197983876916
1936,88.12664190999999,309.3446868650601
1936,88.29054332999999,307.25859856593024
1934,90.40695077999999,307.0755443187391
1934,90.12357539999994,309.6306260790445
1933,91.70639580000011,308.25556223436706
1933,91.46270071000004,308.27919921307927
1933,91.21907557000009,305.94402817135216
1931,93.17030616000011,305.7409186942765
1930,94.61367427000005,305.3808267142061
1929,95.25639999999999,305.78294147245686
1929,95.46069323000006,305.70537216677735
1929,95.84320000000002,305.66786848134046
1928,96.20354036999993,308.01874186181465
1926,98.68695709000008,304.96915678718324
1925,99.2516189800001,304.7159146968185
1923,101.49495778999994,303.1815383191544
1923,101.16311659000007,306.19862429992156
1920,104.2922188,301.8758603769565
1919,105.33160120000002,304.61320734820134
1918,106.12541188,303.85222132002366
1916,108.2139691299999,301.9151507114715
1915,109.60700403999999,300.7000886560916
1913,111.4848596899999,301.29772622272134
1912,112.90461155999992,297.7268153632511
1912,112.71498595999992,299.25727749401767
1911,113.28414915000008,298.10624698316605
1910,114.23523068999998,297.86910679162327
1909,115.47609211000008,301.50413540464433
1906,118.45643668999992,297.32821856127947
1906,118.64919585999996,299.0235966178361
1906,118.22579999999994,299.62686294971274
1904,120.09347466000008,295.9913578166476
1902,122.29812528999992,295.6106368299745
1901,123.82164923999994,294.22072160003313
1899,125.05759501000011,297.0473645165553
1899,125.34283968999989,295.2814574829282
1894,130.9396999999999,295.3164626735822
1894,130.34117893999996,293.16654166689625
1894,130.24367503999997,293.80883068272027
1893,131.12160448999998,294.8594308441452
1893,131.6094814600001,295.17192926023625
1890,134.99251946999993,292.3423879392772
1890,134.1310578099999,290.9175394046256
1888,136.60553327000002,294.34178746728605
1886,138.39987096999994,288.1157636999787
1885,139.8200999999999,289.2265988139854
1884,140.2085275699999,289.7624132149648
1883,141.07764627999995,292.46393479402104
1880,144.04941602000008,287.7707291897673
1877,147.09478323000008,289.3281310647417
1874,150.2620196800001,291.5581974658393
1873,151.17362217000004,286.6550967370638
1871,153.95531419999998,286.32578146070443
1870,154.3438782799999,287.9864944292303
1869,155.58508690999997,289.53614491302415
1868,156.26960000000008,287.9922513016967
1867,157.25611204999996,285.05229227816864
1865,159.87161822999997,286.65415816058197
1863,161.02144425999995,285.3533187571561
1862,162.16551931000004,287.17456217295097
1859,165.15595858000006,286.6330756116753
1857,167.3796722699999,283.16210074754474
1855,169.28161881999995,285.56557722684016
1854,170.29172496,288.05443747992655
1852,172.89435269,285.4658308627274
1851,173.173,288.7903954001126
1851,173.73761839999997,284.00163402345765
1848,176.67820000000006,286.839237474432
1846,178.09510939000006,283.6198856894272
1845,179.34534607,283.1828720355646
1845,179.53888998000002,283.5311237194569
1844,180.70678711000005,281.58148260537183
1841,183.17184283000006,283.6545457229947
1837,187.2998,284.151983964357
1834,190.82279999999992,283.82039231033946
1833,191.12622381999995,285.0861666968484
1827,197.07770000000005,285.90893992625405
1825,199.2550000000001,281.3603652847592
1814,210.34030000000007,284.43128758236145
1800,224.6636000000001,282.7995518984052
1797,227.5284999999999,280.40443666000317
1796,228.05649999999991,282.3047106620081
1795,229.9034999999999,281.61711795078935
1781,243.70010000000002,273.07371696468044
1780,244.5109,280.23629818436876
1774,250.54449999999997,277.8559524780317
1764,260.30320000000006,276.3961020284933
1763,261.1217999999999,277.15568662096365
1753,271.87059999999997,278.00200109884094
1752,272.0684000000001,276.4573287163011
1750,274.8801000000001,277.6000738939942
1742,282.7428,276.8090000432731
1734,290.12799999999993,278.3109424912346
1724,300.99260000000004,277.01330979867544
1723,301.13560000000007,278.27011023020174
1695,329.93360000000007,277.35805088594464
1690,334.2585999999999,276.3246167739362
1682,342.10570000000007,276.6596678045921
1650,374.9031,278.0152295252318
1640,384.18550000000005,276.6872122505445
1629,395.4006999999999,273.78076231204557
1610,414.53919999999994,271.10903046702873
1604,420.58140000000003,275.066577843599
1591,433.0093999999999,279.3568610690018
1589,435.8233,281.10892823134105
1574,450.98710000000005,282.5698274885973
1560,464.1370999999999,281.82904146165555
1550,474.35249999999996,283.5296825674026
1530,494.3243,283.94789036843633
1502,522.4713999999999,283.1247803916497
1470,554.6032,280.3125047226672
1450,574.8362,282.22658040584827
1429,595.1956,279.7256958832981
1411,613.1394,279.6965499485699
1391,633.6678999999999,280.9115788303861
1349,675.1501000000001,278.3621212274177
1331,693.8800000000001,284.0676432722511
1308,716.5527999999999,281.5784089788515
1279,745.8032000000001,278.4312489162189
1260,764.4929,282.199286054067
1252,772.7306000000001,282.41311047504325
1211,813.0450000000001,283.68828915610504
1200,824.1886,284.54004420226613
1166,858.0183999999999,283.9659747066713
1147,877.7130999999999,284.510584449478
1116,908.3911,282.8416314024614
1100,924.5902000000001,283.0944582572788
1071,953.7973,282.8444160166049
1050,974.82294,280.9667443357615
1041,983.92083,280.9161701585891
1020,1004.72784,280.06452973881244
1018,1006.42209,279.7987034131486
983,1041.34583,278.7402401551619
958,1066.34736,277.4071684030988
915,1109.87184,280.10552589040225
876,1148.5898,279.42044060983585
823,1201.67222,278.62300321449914
794,1230.8950399999999,279.72469920818
763,1261.70454,279.29371083930937
731,1293.5665,279.9902637416671
702,1322.75007,277.098940914164
670,1354.82364,278.45496800258206
637,1387.00077,279.58805021854124
615,1409.4754400000002,277.86971612986054
583,1441.59231,276.19603745957005
558,1466.53167,278.4608975547629
552,1472.37838,276.5590465243607
518,1506.04389,276.78951906858396
489,1535.86806,277.1056915049757
437,1587.06166,279.9999146746923
407,1617.63545,279.12520908544417
385,1639.77312,277.24691789826335
358,1666.66644,277.79537780888165
318,1706.4542099999999,281.692138914424
296,1728.39543,280.9089598541969
275,1749.55608,280.2444922059889
267,1757.9046899999998,278.31439989271746
241,1783.3986,280.24908719030117
175,1849.46638,277.55589209790946
154,1870.46924,278.0719954240161
136,1888.0,278.1
104,1920.0,277.5
56,1968.0,277.4
30,1994.0,277.9
1,2023.0,276.7
-49,2073.7090909090903,278.0
-143,2167.3590909090913,276.9
-284,2308.2352727272723,276.7
-315,2339.5493333333334,276.7
-464,2488.3166666666666,277.6
-576,2600.12496969697,277.9
-678,2702.015757575757,273.9
-758,2782.475454545455,278.9
-851,2875.7606666666657,275.3
-954,2978.5469090909087,274.7
-998,3022.816303030303,276.3
-1106,3130.604242424242,274.6
-1305,3329.728181818182,276.3
-1333,3357.661575757576,273.1
-1481,3505.119272727273,274.0
-1578,3602.2878787878785,275.0
-1694,3718.462727272728,273.4
-1743,3767.407696969697,273.0
-1856,3880.856969696969,271.5
-1906,3930.1663636363637,275.4
-2018,4042.9506060606054,274.9
-2158,4182.666727272727,271.7
-2255,4279.842363636364,271.6
-2325,4349.076666666667,272.8
-2392,4416.822424242424,271.5
-2544,4568.362424242425,271.1
-2642,4666.819272727273,269.1
-2697,4721.462909090909,269.8
-2823,4847.001515151515,271.5
-2971,4995.201818181818,270.7
-3031,5055.579878787878,269.3
-3136,5160.789939393939,268.6
-3268,5292.5661818181825,269.8
-3361,5385.175757575757,267.6
-3407,5431.548545454545,265.3
-3583,5607.289575757576,265.2
-3631,5655.297333333333,267.6
-3807,5831.606363636363,265.9
-3902,5926.259636363636,265.5
-3984,6008.091454545454,260.7
-4049,6073.3760606060605,266.7
-4139,6163.807878787879,265.5
-4351,6375.963333333333,263.2
-4387,6411.206909090909,262.7
-4451,6475.244848484847,261.2
-4622,6646.291575757575,261.1
-4732,6756.545393939393,259.4
-4819,6843.652545454545,262.1
-4930,6954.308666666668,262.9
-5020,7044.077393939396,258.1
-5088,7112.269878787879,257.6
-5238,7262.070303030302,262.3
-5324,7348.009999999999,263.0
-5455,7479.323818181818,260.7
-5547,7571.865393939395,258.4
-5711,7735.3663636363635,260.1
-5769,7793.5915151515155,260.4
-5910,7934.1816363636335,259.7
-5976,8000.3653939393935,259.2
-6025,8049.853939393939,260.8
-6166,8190.284242424243,259.6
-6244,8268.798787878788,259.3
-6401,8425.876727272727,258.3
-6509,8533.675757575757,261.3
-6596,8620.579090909092,260.7
-6760,8784.678181818183,261.8
-6831,8855.282363636365,259.0
-6961,8985.853878787877,260.9
-7042,9066.985757575756,260.4
-7110,9134.173939393939,259.3
-7193,9217.01284848485,262.0
-7345,9369.308848484849,263.7
-7411,9435.11696969697,263.8
-7486,9510.703454545453,265.2
-7568,9592.05903030303,260.6
-7574,9598.439454545454,260.9
-7605,9629.86393939394,263.0
-7623,9647.266606060606,263.8
-7951,9975.037878787878,264.4
-8042,10066.609575757577,264.2
-8184,10208.50303030303,264.0
-8242,10266.954545454544,263.4
-8349,10373.554545454546,265.7
-8416,10440.55575757576,264.9
-8555,10579.551515151516,267.5
-8730,10754.480000000003,266.9
-8851,10875.809090909092,266.0
-8885,10909.743636363635,265.1
-9004,11028.478787878788,267.6
-9139,11163.615757575755,264.8
-9211,11235.063636363637,264.8
-9235,11259.87090909091,265.0
-9250,11274.576363636363,265.3
-9306,11330.567878787879,264.4
-9366,11390.978787878788,264.1
-9389,11413.371,264.8062514925239
-9433,11457.156,264.8396344162771
-9449,11473.861,268.1638827775123
-9467,11491.453,264.4831386910426
-9485,11509.931,270.14345909208504
-9503,11527.064,268.86948241809176
-9522,11546.799,269.09658248435426
-9540,11564.446,267.1659882944808
-9557,11581.225,267.66344435702626
-9573,11597.934,269.5087267559184
-9593,11617.596,266.8975316078414
-9609,11633.612,262.7402713424808
-9626,11650.406,267.0926460402798
-9642,11666.243,260.7019637596007
-9661,11685.307,261.3035570908851
-9678,11702.966,266.2202091929294
-9697,11721.924,257.13429330946656
-9714,11738.542,247.5528586529488
-9732,11756.818,254.6155973344712
-9751,11775.438,253.99089690085395
-9769,11793.717,256.0430608603061
-9790,11814.65,255.89086904448925
-9809,11833.212,258.7419682040664
-9830,11854.723,258.24947010276907
-9852,11876.789,258.53058047537485
-9870,11894.5,257.16871076552565
-9893,11917.327,254.31017470730887
-9913,11937.118,253.6295799831633
-9933,11957.166,251.56174454316204
-9954,11978.912,255.89657531323917
-9976,12000.956,258.57498699245264
-9998,12022.086,248.91570205793047
-10019,12043.551,253.9931437879996
-10040,12064.691,255.3912977602452
-10065,12089.895,247.85064164274337
-10087,12111.316,248.40713321971356
-10108,12132.796,253.09803694796494
-10129,12153.849,251.03138662276533
-10155,12179.248,255.6570401748525
-10174,12198.583,253.01913649818056
-10196,12220.495,251.13879991205624
-10218,12242.481,251.42428040746907
-10240,12264.414,250.96816256782247
-10261,12285.34,249.6533400802813
-10282,12306.921,249.23182055441774
-10306,12330.477,248.95174624217293
-10330,12354.774,249.37721064234103
-10351,12375.036,248.9240190698803
-10371,12395.276,250.73154369365116
-10393,12417.121,246.9665079337188
-10415,12439.281,244.30941964788178
-10438,12462.308,243.00399847303908
-10459,12483.378,246.4034368607132
-10481,12505.925,247.67023851530323
-10504,12528.817,245.828192028346
-10525,12549.39,246.17917534767042
-10545,12569.838,244.42282246806465
-10571,12595.35,246.7361603977909
-10593,12617.717,249.9226267174943
-10614,12638.615,244.27496932125192
-10636,12660.604,247.01866418752644
-10657,12681.644,248.09151906637942
-10679,12703.853,246.94327763185444
-10703,12727.637,243.94829999483662
-10723,12747.897,242.52904430354567
-10747,12771.141,244.24252191664183
-10769,12793.8,241.5919394471499
-10789,12813.914,247.29878007926465
-10812,12836.577,240.01944039217156
-10835,12859.627,241.49602014897292
-10859,12883.27,242.23335017876875
-10880,12904.152,242.14661205332536
-10902,12926.706,239.34501708789696
-10923,12947.977,241.2383063619222
-10943,12967.384,239.43542944264073
-10967,12991.105,238.7942418996904
-10989,13013.228,238.17670710529902
-11009,13033.751,240.7072616624785
-11030,13054.883,237.14801820813656
-11051,13075.057,239.41877622767902
-11071,13095.916,234.67711437690164
-11093,13117.693,238.86480110696388
-11116,13140.591,237.90902544878452
-11138,13162.223,241.5552999030114
-11178,13202.448,234.8172845805215
-11222,13246.67,236.91006470650157
-11266,13290.195,239.4098936541896
-11316,13340.965,240.4197733780046
-11354,13378.149,236.86022090165332
-11468,13492.103,237.82629259075324
-11536,13560.737,240.25427358439862
-11581,13605.749,235.8255291423037
-11650,13674.809,243.85979844716996
-11695,13719.346,238.54747522687632
-11762,13786.826,241.59139134507328
-11808,13832.73,241.11490412197253
-11877,13901.204,239.08435072354874
-11921,13945.566,237.95158516671214
-11990,14014.228,240.5703386445421
-12051,14075.788,235.91958262522573
-12072,14096.859,237.8687866200197
-12110,14134.093,241.26916500368534
-12134,14158.472,232.88000615516702
-12170,14194.057,236.39805979670948
-12206,14230.604,239.23818680138615
-12229,14253.551,239.36064776017062
-12255,14279.559,238.3613364190683
-12287,14311.445,236.59503531115416
-12323,14347.024,240.21229536304708
-12348,14372.717,239.03677680876376
-12358,14382.608,235.8013722168602
-12393,14417.156,242.07891889663432
-12404,14428.483,238.39005888170098
-12424,14448.989,240.3252352260465
-12460,14484.597,242.5463915992586
-12472,14496.234,242.60460298931037
-12493,14517.283,240.9489026098227
-12513,14537.583,238.61345734214723
-12547,14571.209,242.05538663336657
-12570,14594.852,241.14411641924522
-12581,14605.297,243.17377294839466
-12591,14615.662,235.8323421305916
-12602,14626.933,241.729807649943
-12613,14637.518,239.85999766133673
-12625,14649.933,239.76503812675872
-12636,14660.185,237.9659544143376
-12645,14669.468,235.30951417343593
-12656,14680.209,237.58632963935628
-12669,14693.389,237.97072384125397
-12679,14703.987,240.10202126482596
-12695,14719.202,238.11592408247537
-12702,14726.256,234.62208303328032
-12714,14738.087,233.41678590018034
-12725,14749.119,234.33541847308942
-12736,14760.374,237.49243901935716
-12746,14770.689,228.9069484734525
-12756,14780.958,228.1794674192821
-12768,14792.124,230.5296191365043
-12780,14804.883,234.53668908061695
-12793,14817.189,231.47501430697426
-12808,14832.515,227.9025821178081
-12813,14837.412,224.64412988292017
-12826,14850.283,227.39272967198517
-12837,14861.831,227.78536212593403
-12849,14873.135,228.50250206425628
-12860,14884.614,227.5760816830967
-12872,14896.391,226.50690563613685
-12884,14908.75,228.4041873231957
-12894,14918.772,227.87363187172843
-12907,14931.525,233.1674385645637
-12919,14943.177,232.22123314488178
-12930,14954.662,227.85150672131329
-12942,14966.457,230.6301423785333
-12954,14978.212,228.71528957073212
-12965,14989.908,228.35879507223092
-12979,15003.02,228.46979297537328
-13003,15027.662,228.890295544307
-13026,15050.478,229.78672581367329
-13037,15061.256,227.65098593922204
-13061,15085.48,228.3650655244248
-13084,15108.777,225.38083520649624
-13122,15146.534,228.99480745157686
-13145,15169.81,234.47446894840783
-13183,15207.528,229.67160656998294
-13206,15230.516,228.8057322422929
-13231,15255.113,227.84358475209112
-13268,15292.875,230.18339813242306
-13293,15317.443,228.26585961041698
-13330,15354.741,225.77162913978188
-13370,15394.944,227.64306095288393
-13395,15419.237,228.91652002838566
-13432,15456.846,225.38795165189697
-13460,15484.078,224.74311624898786
-13512,15536.934,223.2710402890986
-13596,15620.395,223.5305343345643
-13699,15723.43,222.75834505097234
-13754,15778.787,222.15764340429956
-13817,15841.681,224.8571801594681
-13894,15918.953,222.36468715588023
-13970,15994.254,223.5107392974745
-13986,16010.522,223.7681909549173
-14045,16069.492,223.7224506956352
-14048,16072.978,224.4079901815647
-14064,16088.67,222.39327867419098
-14083,16107.783,224.4802221411913
-14133,16157.0,224.242360124708
-14164,16188.135,222.4115117516632
-14201,16225.209,224.8625784974834
-14216,16240.707,226.1908800011438
-14237,16261.461,221.48984625503218
-14258,16282.708,227.3244742360862
-14272,16296.957,223.23631531576837
-14290,16314.564,220.48517092637948
-14310,16334.727,218.56382460975144
-14328,16352.743,214.22122886828478
-14346,16370.958,212.84367513227136
-14367,16391.429,214.5978424508933
-14387,16411.251,212.42970768970437
-14404,16428.228,214.83094793202406
-14424,16448.888,211.2133503062316
-14441,16465.886,209.50810411665645
-14460,16484.706,212.94888538922996
-14481,16505.323,211.7934498012063
-14508,16532.381,217.18722610003746
-14522,16546.034,213.9380167825644
-14559,16583.932,207.94707338537606
-14603,16627.509,208.65010901966778
-14640,16664.012,208.4614276166706
-14705,16729.879,213.15469236971649
-14783,16807.528,210.24939480334604
-14847,16871.545,205.52548876941438
-14919,16943.315,205.18509194320177
-14978,17002.831,202.9290476816134
-15044,17068.774,204.3247383426767
-15141,17165.847,202.1012164231453
-15213,17237.698,198.631089252931
-15286,17310.245,198.29417538469403
-15337,17361.896,195.87573909141443
-15361,17385.873,194.65141317549399
-15410,17434.496,190.50284337603904
-15435,17459.299,193.02021337722056
-15460,17484.026,191.8856673685563
-15484,17508.971,190.75739808941378
-15510,17534.991,193.00049226913703
-15535,17559.291,191.4761142959414
-15560,17584.868,191.58573439908614
-15584,17608.589,192.37047527166976
-15611,17635.459,192.6236483930915
-15636,17660.251,196.96328822867957
-15662,17686.004,195.79039289658348
-15687,17711.878,193.21020619774924
-15715,17739.057,194.3760035369042
-15741,17765.214,191.51895944996556
-15767,17791.049,189.52313905154722
-15793,17817.75,190.41145637495399
-15819,17843.713,191.7049630706334
-15847,17871.574,187.25256339861124
-15875,17899.432,191.20739896471937
-15904,17928.603,189.51763426245728
-15930,17954.995,190.2606131810841
-15957,17981.158,191.7237910053392
-15985,18009.988,188.54215704394005
-16015,18039.825,188.6564989836098
-16042,18066.042,188.9556833468375
-16074,18098.45,187.78531136917942
-16100,18124.092,187.7267726989902
-16131,18155.597,188.64072093684447
-16160,18184.627,188.59044595252618
-16189,18213.755,184.87510819689115
-16223,18247.163,189.01145740964958
-16251,18275.792,185.64837724764448
-16282,18306.181,188.87750852438725
-16314,18338.682,188.52153443206024
-16345,18369.805,189.03208526365853
-16374,18398.393,187.12107228232756
-16410,18434.352,188.73157502184154
-16441,18465.159,188.2127161368506
-16472,18496.425,188.46984987600774
-16507,18531.829,187.44688100668245
-16536,18560.591,187.08794749517838
-16569,18593.994,187.6657005045612
-16632,18656.943,188.57060817148658
-16727,18751.396,193.90294365325792
-16797,18821.045,191.27099266967372
-16853,18877.635,192.9746062473733
-16885,18909.152,188.43646889385016
-16916,18940.913,188.49917580509657
-17043,19067.816,192.7099140092297
-17202,19226.786,191.08550485764974
-17332,19356.155,191.58428202340798
-17492,19516.725,191.51661846127155
-17618,19642.151,188.95303905155185
-17679,19703.493,191.41876528996985
-17841,19865.188,193.60063929670704
-17933,19957.882,196.05515178135056
-18068,20092.696,193.72302093582547
-18263,20287.307,190.47301770392272
-18457,20481.601,189.99022495118814
-18586,20610.804,193.92595404672443
-18716,20740.489,187.76130879373025
-18878,20902.392,192.65750201107113
-19014,21038.428,190.87078412905063
-19117,21141.69,188.40117180397905
-19262,21286.702,190.05178294941018
-19395,21419.184,187.24278170075527
-19612,21636.853,185.22605259203294
-19840,21864.593,187.9571766507431
-19963,21987.629,190.7825043804128
-20105,22129.594,187.38113959770786
-20280,22304.886,191.27052755302162
-20342,22366.199999999997,187.2242115241
-20397,22421.600000000002,187.0216472475
-20600,22624.100000000002,184.67921815
-20654,22678.1,185.207494535
-20700,22724.8,188.4866056205
-20799,22823.300000000003,190.01358890950002
-20883,22907.6,186.13368892427502
-21044,23068.0,189.397339585125
-21063,23087.8,190.53007546182502
-21157,23181.3,190.08050149462503
-21235,23259.0,188.6041093398
-21326,23350.7,197.67188495834998
-21408,23432.4,193.532820435975
-21495,23519.2,186.77935625474998
-21650,23674.5,187.98535915199997
-21923,23947.8,183.12944747075
-22127,24151.699999999997,184.6823772
-22319,24343.8,186.726894870075
-22693,24717.6,180.565516782075
-23213,25237.6,180.69369987574999
-23401,25425.1,182.66041686875002
-23593,25617.600000000002,183.37891829900002
-23836,25860.0,186.541161542
-24066,26090.000000000004,184.51815170625
-24304,26328.499999999996,184.57168235580002
-24365,26389.000000000004,183.7673068405
-24510,26534.7,186.0128248
-24587,26611.1,185.5131813934
-24753,26777.699999999997,185.43660435787498
-24907,26931.8,186.43114764435
-25004,27028.9,188.08462820879998
-25092,27116.0,187.3935686286
-25134,27158.800000000003,186.271358966325
-25220,27244.199999999997,194.928153007
-25330,27354.100000000002,190.0614572262
-25491,27515.9,191.95313370887501
-25552,27576.800000000003,191.23379793375
-25599,27623.7,191.5337587855875
-25636,27660.399999999998,191.95350057714998
-25711,27735.3,191.46001174245
-25737,27761.0,192.712370759625
-25764,27788.1,190.6078690615
-25768,27792.6,189.304523923175
-25870,27894.7,187.586392521325
-25916,27940.399999999998,190.5849616488
-25935,27959.0,189.27849064935
-25977,28001.1,188.98634898427503
-26023,28047.2,189.286787345625
-26147,28171.3,189.95757968037498
-26264,28288.1,191.816137593
-26321,28345.6,191.59419376510002
-26419,28443.699999999997,192.63389865615
-26463,28487.9,189.156744422
-26476,28500.9,189.6458701976
-26627,28651.399999999998,193.10010418009998
-26676,28700.4,192.8154242622
-26774,28798.3,193.80250764615002
-26891,28915.9,193.8897968002
-26952,28976.7,192.68758991725
-26998,29022.6,193.25940327540002
-27058,29082.9,192.8724796734
-27200,29224.699999999997,192.26433856792502
-27255,29279.3,188.0966829643
-27299,29323.600000000002,192.39141674277
-27373,29397.899999999998,191.0119519104
-27416,29440.1,189.82870639425
-27460,29484.2,189.2132558424
-27659,29683.199999999997,189.24251845
-27731,29755.2,189.77280474485
-27792,29816.8,191.28441196185
-27887,29911.800000000003,190.9669244527
-28002,30026.100000000002,191.375496743275
-28049,30073.0,191.5673410079
-28151,30175.5,188.2467783878
-28231,30255.7,188.475316491
-28327,30351.9,186.51738769949998
-28362,30386.699999999997,185.98864642130002
-28450,30474.5,184.2981804458
-28578,30602.800000000003,182.936081584225
-28762,30786.999999999996,187.14328122450002
-28825,30849.699999999997,190.33222284570002
-29155,31179.2,187.999563507075
-29406,31430.4,188.4753253155
-29574,31598.100000000002,189.94686495800002
-29842,31866.100000000002,193.71283854975002
-29868,31892.4,192.9276430365
-29983,32007.899999999998,192.507154839675
-30076,32100.9,193.3257604058
-30129,32153.599999999995,193.90502757875
-30197,32221.499999999996,196.41665588339998
-30200,32224.600000000002,196.9080549903
-30357,32381.9,192.46518778166669
-30411,32435.2,195.247244775875
-30484,32508.8,194.110429478875
-30561,32585.100000000002,194.60682974099998
-30644,32668.6,194.4295742917
-30727,32751.799999999996,195.08012700165003
-30764,32788.1,195.93861278715002
-30863,32887.100000000006,199.302319209275
-30930,32954.9,196.70181603277499
-31059,33083.0,196.32609642975
-31198,33222.3,197.646004846875
-31467,33491.5,196.89622890765
-31541,33565.399999999994,197.12526326695
-31605,33629.3,197.79975641045
-31808,33832.100000000006,200.03106638475
-31891,33915.00000000001,195.627148340675
-31935,33959.7,195.2662323655
-31957,33981.49999999999,194.46060405395
-31975,33999.899999999994,194.47027317217498
-32007,34031.0,196.47191999325
-32041,34065.5,195.41091567172498
-32114,34138.200000000004,195.93175875274997
-32240,34264.299999999996,194.8874767012333
-32300,34324.799999999996,195.7913334535
-32362,34386.8,196.266613322
-32384,34408.4,196.20185201500001
-32606,34630.9,199.6474818549
-32652,34676.6,199.48892963999998
-32670,34694.0,200.2924224414
-32697,34721.8,198.89171239745002
-32760,34784.6,197.16130487224999
-32875,34899.6,202.795646976
-32916,34940.799999999996,203.0917776366
-33139,35163.6,198.7828307793
-33215,35239.799999999996,203.60050857025
-33331,35355.7,205.3761847385
-33387,35411.0,204.46706210535
-33409,35433.4,203.6185257355
-33433,35457.0,201.35769286432503
-33495,35519.799999999996,200.29875552115
-33547,35571.09999999999,201.06305549865002
-33558,35582.5,202.04126672700002
-33580,35604.7,201.88660042935
-33617,35641.99999999999,201.8276293501
-33722,35746.50000000001,201.81310262977502
-33751,35775.600000000006,200.5019756069
-33904,35928.6,203.28865874520002
-33998,36022.3,198.799944457875
-34136,36160.5,204.123014498
-34223,36247.100000000006,201.7797825328
-34311,36335.799999999996,200.09164615275
-34556,36580.3,198.9617645275
-34641,36665.8,205.10239260525
-34719,36743.6,203.76951759
-34762,36786.799999999996,203.7543230524
-34870,36894.2,202.76033458287498
-34989,37013.8,203.514345808
-35073,37097.4,206.3568576216
-35168,37192.600000000006,210.157174784
-35193,37217.200000000004,207.34584681975
-35346,37370.5,208.25190909
-35352,37376.0,209.65639176
-35388,37412.1,206.586570978
-35481,37505.0,212.50552869749998
-35511,37535.299999999996,209.83667782650002
-35668,37692.600000000006,214.29589900083332
-35697,37721.5,212.135905967
-35827,37851.2,212.09241359079002
-35945,37969.0,214.2064208262
-36050,38074.3,211.213425214
-36138,38162.5,214.36039257750002
-36215,38239.59999999999,208.335059710425
-36242,38266.399999999994,206.5229252229
-36334,38358.200000000004,207.41115700100002
-36409,38433.2,207.99977968
-36462,38486.8,210.7947524055
-36522,38546.9,207.2301825856
-36583,38607.2,210.07869060075
-36623,38647.6,208.23327262075
-36671,38695.8,204.79190564040002
-36720,38744.8,204.455553872625
-36773,38797.399999999994,206.543994036
-36862,38886.6,206.085787558
-36924,38948.700000000004,205.650989878
-37005,39029.6,205.98808959113333
-37026,39050.8,202.3448524395
-37103,39127.6,204.28298891580002
-37170,39194.50000000001,207.32358522299998
-37315,39339.7,208.685091262475
-37353,39377.200000000004,209.495641888
-37369,39393.9,209.326456305
-37389,39413.8,207.868080375675
-37429,39453.4,204.77737582487998
-37452,39476.9,191.53156337775
-37504,39528.4,198.138503631
-37565,39589.399999999994,200.402973875925
-37671,39695.00000000001,195.70159247466665
-37759,39783.2,196.6742707386
-37807,39831.100000000006,193.581354240625
-37934,39958.99999999999,193.873098888
-37950,39974.5,197.55250733926664
-38092,40116.7,192.59565555449998
-38162,40186.1,193.08131430805
-38195,40219.3,193.690311850125
-38358,40382.4,197.90454896091208
-38535,40559.94648,201.32268604261674
-38603,40627.43999999997,201.48445246633034
-38804,40828.3,200.46615960740988
-38957,40981.388600000006,200.96619797440226
-39217,41241.90404000001,201.53203042679758
-39353,41377.5942,204.18539759772148
-39655,41679.9736,205.49006636725477
-39809,41833.207500000004,201.12434903906262
-39950,41974.68680000001,199.89056576724948
-40365,42389.817500000005,200.8960917386434
-40678,42702.3001,204.82674347655342
-40899,42923.867,206.35415471090323
-41018,43042.078199999996,204.26047843855292
-41221,43245.885,203.16207190191966
-41400,43424.662500000006,201.66462398159248
-41565,43589.82055000001,204.2219503591491
-41711,43735.157549999996,203.18091908152513
-41859,43883.01,201.68967291161366
-42145,44169.19614999999,204.30591912829976
-42254,44278.44639999999,201.99679013111552
-42400,44424.46499999999,206.22156348649375
-42540,44564.50250000001,204.82615482707928
-42705,44729.53499999998,212.28537276723182
-42866,44890.0105,210.4383494018988
-43046,45070.156999999985,211.4870756888481
-43192,45216.015,207.9533487146811
-43330,45354.38750000001,213.9182293789752
-43510,45534.322400000005,214.5013713408328
-43746,45770.05500000001,217.51186974587569
-43927,45951.10855000001,222.71746789063323
-44107,46131.33380000001,221.7721744693644
-44231,46255.255,219.24687294689662
-44358,46382.5475,218.34888238109227
-44685,46709.901999999995,216.41663219437746
-44796,46820.4378,214.18284619947886
-44937,46961.935000000005,210.83763232817873
-45136,47160.27499999999,210.2720270577908
-45364,47388.97619999998,207.5966069009341
-45574,47598.35689999999,204.25993514002081
-45760,47784.390000000014,203.7878948817506
-45993,48017.751099999994,205.65965094423697
-46273,48297.18175000001,206.18208295015899
-46477,48501.859999999986,200.97514386943084
-47037,49061.952649999985,201.57862918592315
-47352,49376.98039999999,200.12004323663527
-47512,49536.655249999996,204.05803785391646
-47778,49802.31500000001,203.8713291389937
-48056,50080.51000000001,204.37676012041777
-48270,50294.546899999994,206.74402693868802
-48577,50601.41474999999,207.40999031146947
-49079,51103.17010000002,207.63643592103043
-49481,51505.446599999996,211.57084710504336
-49829,51853.530000000006,215.07712976760632
-50136,52160.81984999999,213.81781717736385
-50434,52458.780900000005,219.08254103386616
-50623,52647.676,220.7236106732058
-50850,52874.742500000015,221.1479059817251
-51158,53182.25250000001,223.71721395019227
-51450,53474.45315000001,223.261990272584
-51856,53880.25204999999,221.13790909272413
-52206,54230.60319999998,220.3743647767866
-52437,54461.125000000015,217.95673832028174
-52744,54768.61249999999,213.88701388029443
-53064,55088.48765000002,216.8579026931373
-53343,55367.459149999995,208.19350573591464
-53603,55627.13,214.7766439566713
-53959,55983.53739999998,210.2748744860088
-54287,56311.12940000001,207.67411308560085
-54553,56577.58249999998,212.4366913146648
-55260,57284.94264999999,215.69652704379405
-55526,57550.264999999985,217.37632438255054
-55893,57917.72470000001,223.71829246142204
-56267,58291.01230000002,224.35339767076476
-56483,58507.319999999985,223.14855036746204
-57155,59179.06914999999,231.29357613421678
-57430,59454.40500000001,226.35329184425117
-57783,59807.46935,223.45481611599993
-58159,60183.88306666667,216.66068075629482
-58423,60447.05923333333,212.87091028761074
-58566,60590.6315,217.25313232793502
-58867,60891.61723333333,213.77895408048403
-59110,61134.877466666665,207.954258455404
-59284,61308.84403333334,210.56770709704924
-59604,61628.1108,210.90340290966515
-59950,61974.7233,206.3768851547348
-60602,62626.00602222222,202.5567478249938
-60824,62848.57333333335,202.7086782342372
-61010,63034.89566666668,200.14813320360096
-61605,63629.792666666675,197.40343593339372
-61946,63970.87993333334,197.24236643525396
-62163,64187.77896666667,199.7280299125443
-62707,64731.29413333334,203.69546669849038
-62917,64941.4226,201.67027938028278
-63096,65120.72066666667,199.17080568979725
-63596,65620.44649999999,208.9757824141881
-63814,65838.51269999999,198.17360428453378
-63987,66011.23266666668,200.59108353507256
-64489,66513.3055,204.3859977224767
-65009,67033.71066666667,207.20522458616006
-65364,67388.5875,201.14189964947187
-65779,67803.6785,203.758804582249
-66196,68220.18849999999,200.17043811242027
-66669,68693.99346666667,203.42547248921588
-67131,69155.5285,205.42035908699594
-67642,69666.01713333334,211.2583877926514
-68102,70126.1648,215.55081317503786
-68477,70501.26266666668,220.32661122546068
-68978,71002.87216666664,225.17215906542418
-69329,71353.16903333334,235.01577011604033
-69743,71767.65023333335,237.5634446299485
-70142,72166.81486666668,239.45635365708617
-70540,72564.14999999998,232.79086554237838
-70916,72940.04366666666,232.33476105332247
-71269,73293.31633333334,230.89095840633553
-71800,73824.95566666668,232.73507960739272
-72271,74295.48233333335,231.3339802376306
-72575,74599.645,241.2403946279206
-73117,75141.95149999997,243.27000593612678
-73595,75619.13366666668,249.52367746086176
-73900,75924.65049999999,249.93957236494836
-74297,76321.47216666667,239.34140543854346
-74746,76770.73599999998,238.01317290414426
-75106,77130.4805,231.68344444807624
-75665,77689.91499999998,224.91795384960736
-76130,78154.753,226.64717080896844
-76557,78581.94999999998,224.1427524434798
-77019,79043.54013333334,227.2993454606292
-77460,79484.36299999998,229.25533496544978
-77927,79951.75800000002,234.74268285165846
-78380,80404.36249999997,230.60058478694174
-78771,80795.78550000001,233.92301778529907
-79256,81280.94249999998,230.32953997112173
-79761,81785.43100000001,234.13416436720672
-80118,82142.79049999997,238.88896579028287
-80576,82600.7192,240.87295493897983
-81038,83062.26099999998,246.32246412221588
-81604,83628.11216666667,247.1003682352176
-81990,84014.89999999997,250.78745315401204
-82407,84431.43850000002,243.16072770547603
-82986,85010.76899999997,238.42310352799862
-83417,85441.46933333334,234.68610329976863
-83940,85964.6938333333,228.7630419503089
-84548,86572.32453333335,223.37741662402166
-85077,87101.63600000001,221.05561058442584
-85631,87655.18,223.62974404078184
-86186,88210.18,217.8009629500103
-86751,88775.04959999997,223.98941409211108
-87294,89318.71600000001,227.3783735355835
-87746,89770.25753333332,228.87834564758057
-88367,90391.29400000001,229.73738145870655
-88884,90908.015,231.55865048827815
-89495,91519.03066666667,231.12075636405777
-89999,92023.738,233.74184029367558
-90717,92741.81750000002,232.45568865935815
-91474,93498.7096,235.1600042216258
-91873,93897.21366666668,238.20709532731436
-92618,94642.54833333331,242.40636016295775
-93284,95308.11400000002,242.91411717720837
-93971,95995.48316666664,246.19646528867355
-94524,96548.88033333335,245.7647295013877
-95320,97344.89099999999,242.35406601147713
-95977,98001.46450000002,239.85849997327506
-96633,98657.72399999999,243.17988778616598
-97411,99435.42233333335,242.98971287919505
-98126,100150.84966666665,245.62557787811392
-98593,100617.17833333334,247.872113110669
-99375,101399.67500000002,244.762424566832
-100021,102045.88500000001,240.0715355271941
-100814,102838.77666666664,237.07327561500702
-101358,103382.74000000002,240.68407213384208
-102324,104348.33333333334,247.76162928794554
-102381,104405.2290909091,238.88
-103016,105040.44545454546,242.36
-103557,105581.14848484848,248.78
-104039,106063.87272727274,257.58
-104306,106330.37575757576,241.4
-104418,106442.25454545455,244.83
-105024,107048.81818181818,240.34
-106451,108475.90909090909,236.43
-107179,109203.41818181818,244.44
-107889,109913.9696969697,244.13
-108605,110629.36363636363,246.69
-109926,111950.80000000002,257.93
-110686,112710.06060606062,256.79
-110991,113015.72727272728,263.12
-111169,113193.2696969697,264.75
-111728,113752.63636363635,260.58
-112300,114324.0,267.9
-112865,114889.39393939394,275.07
-113496,115520.67272727273,276.96
-113958,115982.57575757576,273.16
-114525,116549.57575757576,273.63
-115235,117259.55454545454,274.03
-115669,117693.36363636363,274.98
-116708,118732.26969696968,277.72
-117292,119316.51515151515,267.74
-117765,119789.5,274.59
-118194,120218.12121212122,268.73
-118592,120616.90909090909,276.82
-119476,121500.01515151517,279.48
-119891,121915.9696969697,276.61
-120150,122174.00181818182,278.25
-120342,122366.36363636363,279.0
-121063,123087.95454545454,279.16
-121680,123704.90909090909,274.6
-122009,124033.48484848485,275.87
-122454,124478.51515151515,281.54
-122867,124891.45454545454,275.52
-123342,125366.63333333335,276.81
-124063,126087.70303030303,275.15
-124749,126773.90909090909,273.02
-125012,127036.0303030303,274.93
-125363,127387.8303030303,275.78
-125553,127577.5496969697,276.88
-126074,128098.47636363636,276.03
-126222,128246.66666666667,280.72
-126516,128540.72727272726,285.76
-126928,128952.0,271.08
-127128,129152.03636363636,268.44
-127705,129729.63636363637,260.61
-128423,130447.0303030303,251.84
-128868,130892.36363636363,250.84
-129372,131396.19999999998,241.13
-130026,132050.24242424243,232.28
-130759,132783.87878787878,228.0
-130981,133005.95757575758,224.63
-131825,133849.80606060606,222.74
-132572,134596.2787878788,212.43
-134615,136639.54545454544,203.74
-135813,137837.42424242423,199.18
-136884,138908.296969697,198.55
-137999,140023.96969696967,192.75
-140410,142434.5618181818,196.51
-141701,143725.30000000002,194.59
-142849,144873.59090909088,196.02
-144158,146182.24363636365,193.59
-146283,148307.46545454545,195.81
-147516,149540.14545454548,201.78
-148644,150668.8848484849,202.51
-149494,151518.85454545452,202.35
-151824,153848.6575757576,198.78
-152939,154963.1272727273,196.3
-154356,156380.8181818182,189.38
-156716,158740.0,189.0
-157766,159790.0,185.5
-158204,160228.99999999997,187.5
-161908,163932.0,204.3
-162384,164408.65000000002,196.5
-164193,166217.0,191.6
-164834,166858.00000000003,190.1
-165964,167988.1,186.7
-166795,168819.5,183.8
-167564,169588.40000000002,196.6
-169989,172013.0,197.8
-172492,174516.0,197.7
-173883,175907.35,196.0
-174903,176927.0,190.3
-175583,177607.92500000002,189.4
-175779,177803.5,190.1
-177923,179947.0,207.7
-179352,181376.0,213.2
-180246,182270.0,217.7
-181307,183331.99999999997,198.1
-182421,184445.0,199.7
-184461,186485.0,203.4
-186487,188511.0,210.7
-187856,189880.5,231.3
-189304,191328.5,231.4
-190014,192038.075,220.3
-191124,193148.5,218.0
-193176,195200.50000000003,226.5
-193849,195873.5,220.0
-195637,197661.35000000003,226.4
-196377,198401.45,241.2
-196988,199012.0,242.6
-199802,201826.0,250.9
-200794,202818.5,239.1
-201892,203916.0,247.6
-203253,205277.27500000002,244.4
-203625,205649.75499999998,231.9
-203994,206018.575,232.2
-204409,206433.93499999997,228.6
-204946,206970.84999999998,226.3
-205290,207314.3,229.4
-205672,207696.89,231.4
-206158,208182.775,238.1
-206324,208348.52500000002,237.2
-206871,208895.56999999998,230.0
-207132,209156.25499999998,240.5
-207495,209519.04,242.2
-208016,210040.085,244.6
-208225,210249.17,243.9
-208882,210906.06500000003,247.2
-209108,211132.465,252.0
-209627,211651.835,246.9
-210128,212152.745,239.5
-210583,212607.075,257.4
-211380,213404.35,243.4
-212208,214232.81,251.2
-213130,215154.74499999997,241.4
-213962,215986.33999999997,240.3
-214356,216380.15,242.6
-214914,216938.96499999997,247.5
-215465,217489.63499999998,251.7
-215744,217768.96000000002,251.1
-216250,218274.78499999997,245.3
-217117,219141.605,240.5
-218985,221009.61500000002,214.1
-219747,221771.45999999996,216.1
-220589,222613.57500000004,207.1
-221179,223203.03499999997,208.8
-222321,224345.50500000003,205.6
-224309,226333.82500000004,203.3
-224899,226923.83500000002,215.7
-225769,227793.97500000003,235.5
-226489,228513.41499999998,234.5
-226816,228840.99000000002,233.1
-227622,229646.04500000004,224.5
-229179,231203.66,232.4
-230241,232265.76999999996,233.9
-230906,232930.06,241.6
-234040,236064.855,245.2
-234476,236500.005,252.1
-234900,236924.8,241.4
-235441,237465.655,247.4
-235955,237979.53000000003,243.1
-236475,238499.33500000002,239.1
-237058,239082.26,245.6
-237437,239461.03500000003,245.8
-237788,239812.66,247.4
-238240,240264.36500000002,252.8
-239383,241407.045,259.7
-239905,241929.39999999997,263.2
-240735,242759.46000000002,279.0
-241188,243212.52,280.2
-242171,244195.765,263.7
-242632,244656.33500000002,252.3
-243107,245131.01000000004,249.9
-243614,245638.0,236.7
-244238,246262.81000000006,230.4
-244920,246944.48500000004,219.4
-247149,249173.87000000005,214.7
-249440,251464.57000000004,200.2
-250182,252206.25500000003,213.9
-251003,253027.72000000006,195.4
-251806,253830.68000000005,196.7
-252637,254661.10500000007,195.4
-254348,256372.65999999997,199.0
-255110,257134.58500000005,201.9
-255958,257982.06500000006,204.0
-257446,259470.89500000005,203.9
-258944,260968.24000000005,209.6
-259343,261367.92000000004,205.7
-260104,262128.57500000004,208.9
-260867,262891.0950000001,214.6
-262633,264657.76000000007,228.1
-264184,266208.45000000007,199.9
-265057,267081.0,211.7
-266307,268331.83,188.7
-267045,269069.5,187.2
-267990,270014.47000000003,194.2
-269086,271110.0350000001,198.8
-270199,272223.6400000001,184.7
-271215,273239.8300000001,190.4
-272214,274238.07500000007,193.9
-273204,275228.63500000007,194.1
-274307,276331.7150000001,198.4
-275493,277517.0000000001,193.2
-276640,278664.9050000001,202.2
-277669,279693.0450000001,204.5
-278608,280632.95,211.0
-279450,281474.74000000005,215.3
-280642,282666.88999999996,223.7
-282484,284508.68000000005,231.3
-283981,286005.32000000007,228.0
-284659,286683.9550000001,226.4
-285493,287517.86,231.4
-285870,287894.05000000005,230.4
-286336,288360.42500000005,231.0
-288234,290258.5,234.9
-288913,290937.79000000004,220.4
-289612,291636.87000000005,217.1
-290868,292892.31000000006,207.6
-291700,293724.74000000005,206.0
-292505,294529.29000000004,206.7
-293414,295438.225,212.7
-294878,296902.86500000005,213.1
-296754,298778.61500000005,217.1
-297426,299450.28,224.4
-298165,300189.86500000005,231.0
-299075,301099.61500000005,236.1
-300134,302158.19000000006,239.0
-301166,303190.00000000006,236.0
-302150,304174.92000000004,240.2
-303149,305173.81000000006,240.7
-303828,305852.1500000001,250.2
-304631,306655.11500000005,248.6
-305513,307537.2650000001,244.8
-306375,308399.70000000007,225.8
-307473,309497.73,227.8
-308060,310084.975,226.2
-308826,310850.1000000001,233.2
-309720,311744.02499999997,237.8
-310643,312667.43000000005,239.0
-311393,313417.12500000006,241.9
-312101,314125.85000000003,251.6
-312886,314910.2100000001,256.7
-313707,315731.5150000001,257.1
-314500,316524.72,246.8
-315199,317223.87000000005,272.6
-315982,318006.54500000004,251.6
-316902,318926.59500000003,245.2
-317879,319903.6600000001,233.4
-318966,320990.3350000001,255.8
-319867,321891.44500000007,249.2
-321433,323457.34500000003,257.2
-322216,324240.915,260.4
-323057,325081.4050000001,260.3
-323873,325897.0,260.5
-324641,326665.0900000001,266.2
-325485,327509.83499999996,264.0
-326136,328160.81000000006,266.1
-326820,328844.75000000006,270.1
-327464,329488.29,271.9
-328103,330127.32500000007,275.1
-329343,331367.55000000005,265.0
-330194,332218.11500000005,271.7
-330848,332872.62000000005,272.6
-331550,333574.08999999997,273.1
-332047,334071.55500000005,282.4
-332399,334423.49500000005,289.1
-332593,334617.885,288.4
-333152,335176.30500000005,298.6
-333757,335781.51000000007,278.1
-334427,336451.54,285.8
-334917,336941.81999999995,278.6
-335566,337590.67000000004,270.5
-336263,338287.50000000006,255.7
-337041,339065.43500000006,241.9
-338033,340057.8900000001,239.6
-338785,340809.0800000001,234.2
-340841,342865.56000000006,250.1
-341973,343997.5850000001,200.7
-343050,345074.8500000001,205.2
-344370,346394.90499999997,204.8
-345594,347618.8050000001,211.9
-347189,349213.0850000001,220.3
-349726,351750.3450000001,221.1
-351224,353248.595,216.2
-352462,354486.9750000001,209.4
-353867,355891.7699999999,209.2
-357060,359084.3800000001,193.0
-358733,360757.84000000014,186.1
-360617,362641.6,185.8
-363240,365264.23000000016,201.2
-366115,368139.9,206.3
-369435,371459.8700000001,201.9
-371507,373531.61500000005,199.9
-373254,375278.59999999986,214.7
-375084,377108.8800000001,224.6
-376810,378834.2400000001,229.6
-380981,383005.4849999999,227.0
-382607,384631.4450000001,240.0
-384333,386357.71000000014,239.1
-385874,387898.8150000001,246.8
-387460,389484.20500000013,245.8
-390337,392361.24999999994,258.1
-391027,393051.15151515143,259.5
-392053,394077.6909090909,273.6
-392956,394980.1030303031,260.7
-396325,398349.1272727272,276.3
-397976,400000.1636363636,277.1
-398760,400784.08484848496,283.2
-400190,402214.91515151504,283.1
-400909,402933.8363636364,275.7
-402363,404387.296969697,276.5
-403112,405136.63030303025,280.5
-404592,406616.80000000005,279.6
-405332,407356.4969696969,285.6
-406868,408892.7151515152,284.5
-407648,409672.2363636363,274.7
-408503,410527.8,282.6
-409397,411421.96969696967,283.5
-411308,413332.65454545454,274.9
-412260,414284.8606060605,264.9
-413229,415253.59393939405,271.6
-413995,416019.6060606061,276.4
-414475,416499.3151515151,271.7
-415490,417514.4424242424,273.4
-416006,418030.7818181817,271.8
-416555,418579.3030303029,274.6
-417625,419649.7818181819,273.7
-418183,420207.7636363636,271.2
-418751,420775.76363636355,273.8
-419962,421986.14545454545,268.6
-420582,422606.6545454545,266.4
-421275,423299.496969697,270.6
-422557,424581.74545454566,267.7
-423182,425206.26060606056,268.3
-423790,425814.9090909091,270.8
-424287,426311.27272727276,270.0
-424671,426695.5636363636,265.4
-425204,427228.96363636357,255.3
-425991,428015.39999999985,252.1
-426890,428914.2000000002,248.2
-427228,429252.3636363638,242.5
-429073,431097.76363636367,219.7
-430229,432253.3090909094,227.2
-431900,433924.2969696969,211.5
-432429,434453.07272727275,207.6
-433989,436013.69090909103,209.8
-435535,437559.4181818178,207.5
-437113,439137.418181818,200.3
-438709,440733.5818181819,201.7
-440280,442304.775757576,201.3
-441894,443918.6484848488,202.0
-443381,445405.72727272735,199.1
-445269,447293.18181818177,201.1
-446509,448533.1818181816,203.5
-447621,449645.03636363655,208.1
-448692,450716.8909090911,201.7
-449797,451821.2787878788,201.2
-450785,452809.8363636365,204.9
-451825,453849.6424242424,201.9
-452914,454938.3090909089,198.4
-454051,456075.6121212118,193.3
-455164,457188.43636363646,192.5
-455795,457819.1272727274,199.1
-456258,458282.2909090909,204.3
-456844,458868.00606060616,203.3
-457261,459285.5515151518,208.3
-458302,460326.2121212121,202.4
-459336,461360.06060606067,195.5
-460464,462488.10303030314,190.7
-461576,463600.6484848482,194.4
-462649,464673.47272727254,199.9
-463315,465339.3636363636,205.2
-463651,465675.72727272724,210.0
-464682,466706.29696969694,208.1
-465756,467780.64242424245,204.4
-466927,468951.7090909092,203.4
-468090,470114.1272727275,205.5
-468775,470799.97575757554,206.5
-469250,471274.793939394,215.5
-469874,471898.53333333344,218.7
-470313,472337.06666666636,229.2
-470913,472937.2727272727,232.7
-471267,473291.81818181806,243.7
-471850,473874.8484848487,243.9
-472142,474166.3636363638,245.6
-473024,475048.10909090936,241.2
-473975,475999.2000000002,233.1
-474999,477023.7999999998,232.8
-475991,478015.0000000001,236.6
-476942,478966.4606060604,239.1
-477452,479476.95151515136,236.5
-477825,479849.69090909074,231.3
-478378,480402.2969696968,220.8
-478776,480800.6848484848,218.8
-479712,481736.9636363636,223.8
-480630,482654.96363636386,223.4
-481445,483469.3818181817,227.3
-482229,484253.787878788,231.4
-482986,485010.1818181817,231.4
-483717,485741.5212121211,231.2
-484448,486472.6727272727,233.0
-485179,487203.2545454547,232.9
-485898,487922.0666666667,231.3
-486615,488639.45454545465,237.1
-487352,489376.09090909077,242.0
-487769,489793.793939394,240.9
-488076,490100.29090909084,252.8
-488544,490568.9090909091,249.3
-488783,490807.9515151515,242.6
-489501,491525.0787878788,243.3
-490204,492228.5454545456,246.7
-490913,492937.7757575757,243.7
-491643,493667.10909090925,239.7
-492350,494374.39393939386,239.1
-493074,495098.1272727274,238.3
-493775,495799.6909090908,238.5
-494494,496518.0666666664,237.6
-495237,497261.63030303037,236.4
-496015,498039.97575757577,236.5
-496787,498811.41818181844,232.8
-497576,499600.7818181818,230.6
-498354,500378.7818181817,230.8
-499133,501157.96363636357,228.2
-499911,501935.424242424,230.8
-500687,502711.63636363624,231.2
-501468,503492.92727272736,232.0
-502227,504251.187878788,232.2
-502961,504985.781818182,234.1
-503734,505758.2424242425,233.9
-504533,506557.7333333333,235.5
-505362,507386.39999999985,236.0
-506167,508191.72121212096,238.2
-506990,509014.98181818187,237.0
-507834,509858.981818182,240.3
-508702,510726.3272727273,233.4
-509562,511586.4484848484,236.4
-510413,512437.7818181817,235.2
-511254,513278.7393939395,242.0
-512083,514107.1151515151,238.2
-512897,514921.7818181817,239.2
-513700,515724.7757575757,241.5
-514470,516494.9818181818,243.0
-515204,517228.981818182,247.2
-515926,517950.0121212122,246.2
-516650,518674.4606060606,245.5
-517379,519403.12727272714,245.3
-518123,520147.3575757573,247.7
-518871,520895.80606060615,245.5
-519624,521648.4727272729,243.5
-521851,523875.8242424243,241.9
-522620,524644.8666666667,236.8
-523387,525411.0,235.8
-524156,526180.9999999999,233.7
-524945,526969.806060606,230.3
-525748,527772.6909090909,227.8
-526566,528590.6909090912,224.7
-527453,529477.4303030304,222.7
-528340,530364.5090909093,221.2
-529251,531275.3818181816,220.3
-530128,532152.7575757573,220.7
-530642,532666.5272727272,214.5
-531037,533061.5696969698,211.4
-531604,533628.3696969697,204.4
-531982,534006.2363636366,200.0
-532718,534742.181818182,195.1
-533093,535117.5636363637,193.8
-533745,535769.0545454544,190.5
-534228,536252.4727272727,199.8
-535384,537408.4727272725,199.4
-536490,538514.7636363636,205.0
-537563,539587.8181818181,206.4
-538633,540657.818181818,212.9
-539703,541727.8181818181,211.2
-540790,542814.206060606,205.0
-541894,543918.872727273,203.6
-542935,544959.987878788,208.1
-543914,545938.9090909091,210.3
-544880,546904.1454545453,209.6
-545856,547880.6787878785,209.7
-546820,548844.7757575759,204.6
-547770,549794.1090909094,202.5
-548280,550304.7272727275,208.8
-548632,550656.5454545455,213.6
-549431,551455.0909090908,215.2
-550161,552185.0909090908,219.9
-550731,552755.5636363637,221.7
-551070,553094.9212121211,222.3
-551295,553319.9878787878,226.3
-551669,553693.3939393939,222.1
-551858,553882.6545454544,220.3
-552529,554553.6181818182,223.6
-553208,555232.3454545455,224.3
-553892,555916.3454545456,226.7
-554457,556481.0242424243,233.9
-554973,556997.2909090909,241.0
-555248,557272.6545454545,243.0
-555435,557459.0545454546,249.1
-555707,557731.1393939393,244.0
-555888,557912.206060606,250.5
-556204,558228.5636363635,245.6
-556356,558380.0181818182,240.4
-556827,558851.6909090909,238.1
-557366,559390.0060606062,234.5
-557686,559710.7636363636,229.7
-557922,559946.6181818182,230.2
-558486,560510.618181818,230.3
-559015,561039.6000000001,228.3
-559500,561524.7393939394,231.6
-559938,561962.0727272726,231.9
-560360,562384.4909090908,234.6
-560705,562729.6000000001,234.1
-561184,563208.8545454546,240.1
-561585,563609.7393939394,242.3
-561977,564001.896969697,245.7
-562360,564384.5636363636,245.8
-562774,564798.3575757574,247.6
-563184,565208.296969697,251.4
-563588,565612.9636363637,252.4
-563945,565969.6424242425,252.6
-564295,566319.303030303,251.4
-564638,566662.6363636364,253.7
-564968,566992.3515151516,254.3
-565289,567313.4909090908,253.9
-565598,567622.6545454545,254.5
-565934,567958.8909090909,253.2
-566254,568278.1393939394,253.9
-566584,568608.2363636364,252.8
-566980,569004.1454545455,253.0
-567364,569388.5939393939,250.2
-567733,569757.9272727272,251.3
-568117,570141.2484848484,250.0
-568513,570537.4606060607,251.3
-568912,570936.1272727273,251.8
-569311,571335.4424242425,251.8
-569683,571707.3575757575,249.6
-570024,572048.6909090908,251.6
-570365,572389.4999999999,250.3009961681342
-570719,572743.8727272728,246.30955184938028
-571103,573127.5166666666,247.65697248974385
-571525,573549.7499999998,249.18618138857704
-571963,573987.0166666665,248.72078039844754
-572414,574438.6545454544,251.7666008144979
-572856,574880.0000000001,251.86150476654132
-573283,575307.9636363636,252.08002667419618
-573704,575728.5333333331,248.8639219697805
-574162,576186.8499999997,252.543697553062
-574649,576673.0999999999,252.8973536409592
-575165,577189.1000000001,251.2965766771463
-575703,577727.8500000001,251.34172534675196
-576246,578270.3499999997,251.0792763522184
-576792,578816.3499999997,249.0568689785398
-577330,579354.5499999998,252.92340485161623
-577883,579907.1166666667,251.47302309267096
-578260,580284.5045454543,244.13978325747763
-578451,580475.7833333332,243.8071398156684
-578864,580888.0045454544,236.17021956160747
-579168,581192.6499999997,230.2553890769855
-579596,581620.5272727276,225.2070402346668
-579978,582002.2999999996,219.41265806017452
-580504,582528.5272727271,215.44586651227405
-580886,582910.2999999999,209.88341782048894
-581624,583648.2545454543,206.68125254107684
-582008,584032.8000000002,210.63901783350494
-584770,586794.8424242425,223.95763277250387
-585221,587245.8499999993,225.9929310765137
-585938,587962.6681818177,234.40092907192803
-586329,588353.3499999996,238.78411585346242
-586990,589014.9045454541,246.34602904387208
-587475,589499.3500000003,250.20456464222792
-588090,590114.145454545,248.10464236577934
-588538,590562.8000000002,243.5553025827732
-589069,591093.4666666666,237.37751240309967
-590433,592457.4712121211,225.67880356583396
-590835,592859.516666666,229.38667009211042
-591611,593635.2454545454,233.1632188953882
-592096,594120.754545454,238.1475936125431
-592913,594937.8121212114,237.97721461986356
-593486,595510.4666666667,232.91795566697328
-594271,596295.5575757573,221.21724287329997
-594841,596865.1333333332,216.4410115698623
-595853,597877.6136363635,216.27309709713364
-596379,598403.7499999994,219.02228033882918
-597268,599292.2181818187,225.97166266475014
-597864,599888.6318181817,229.38148051861887
-599305,601329.1499999998,232.45478922791705
-600650,602674.7500000002,237.8582812314746
-601999,604023.15,239.14012591458967
-603353,605377.1499999992,244.53225161700482
-604675,606699.9090909091,248.4801850050678
-606029,608053.2999999997,254.57832546938147
-607297,609321.3000000004,259.22379791893974
-608479,610503.5000000001,257.74486774223317
-609601,611625.0127272727,257.8151013837554
-609650,611674.6333333328,259.6847091794925
-610811,612835.9666666661,258.13797445364014
-611992,614016.7999999997,256.193578648728
-613190,615214.6,252.74797477389262
-614349,616373.1163636366,252.8982584181087
-614406,616430.5999999999,252.729800513971
-615659,617683.5681818179,252.63944486217684
-617003,619027.7499999994,248.28893339724928
-618333,620357.7499999999,245.88658787248076
-619701,621725.4500000002,243.53068358638558
-621000,623024.732727273,243.88545246756433
-621104,623128.95,239.19230883467588
-622546,624570.9499999993,237.92850701362374
-623447,625471.9242424238,235.02330647237795
-624097,626121.499999999,228.51222535135372
-625019,627043.4272727271,215.70968264504967
-625880,627904.0999999994,205.76310728563763
-627189,629213.6181818179,199.52416462021898
-627819,629843.852727273,205.26582182975858
-627916,629940.1000000006,200.77734554085592
-629576,631600.322727272,200.45706932834122
-630406,632430.9409090906,196.49917279673912
-632127,634151.5378787883,193.09789993536265
-632931,634955.1448484845,195.94989153226658
-633059,635083.0333333323,194.85936588137295
-634571,636595.56060606,194.00258992033588
-635764,637788.3666666652,195.33150117951013
-637468,639492.2651515146,188.8477364074226
-638422,640446.2499999993,190.1777336005101
-640124,642148.6045454537,191.38425695346518
-640906,642930.65,191.5605717991007
-642350,644374.8272727265,195.3061298127235
-643200,645224.6499999997,195.82042744328479
-644426,646450.9469696959,189.88548096825593
-645304,647328.8499999992,191.8480609628653
-646662,648686.4181818187,193.47659870780961
-647241,649265.0999999993,196.17149410495196
-648398,650422.4636363634,189.2501799432969
-648997,651021.0999999997,193.44315462070247
-650154,652178.2636363631,187.2748940558699
-650758,652782.9500000003,186.7937683040444
-651780,653804.25,192.8691774329536
-652488,654512.65,194.81602929906575
-653574,655598.3499999999,199.99595342018023
-654182,656206.6499999991,200.35242454933484
-655231,657255.0909090905,192.9341212467433
-655704,657728.2060606063,189.23340881737832
-655771,657795.999999999,190.8769405532136
-656814,658838.0999999994,184.098136363561
-657343,659367.8200000001,187.3800806732598
-657461,659485.8999999996,185.6837857761792
-658513,660537.5499999999,188.43427447380085
-659168,661192.32,193.9700304568731
-659265,661289.9000000005,191.59170346951032
-660332,662356.1772727269,189.69058418048212
-660846,662870.6094545458,193.90821704355406
-660927,662951.5500000003,190.86103041769672
-661987,664011.5151515151,191.02249326390395
-662370,664394.3999999997,192.55321359717547
-662458,664482.0909090904,187.76703230989094
-663371,665395.9393939392,180.16659707392193
-663886,665910.5212121212,180.53768178380184
-664803,666827.3600000001,174.76867941399888
-665459,667483.8573333337,173.71362014216885
-666465,668489.2636363631,177.7146610306198
-666965,668989.5375757578,180.6705433303129
-667869,669893.2987878791,187.6555369926176
-668346,670370.3187878784,191.5141318512642
-669120,671144.7454545456,194.87837297832084
-669507,671531.9260606061,196.8275423165405
-670200,672224.8827272733,194.789560383579
-670811,672835.3824242426,197.12915219406037
-671746,673770.1060606058,201.1220985980582
-672279,674303.3778787885,204.66974564632602
-673078,675102.3999999999,211.69145610328425
-673456,675480.5333333331,216.1224817958984
-674580,676604.736363636,222.57485445876674
-675202,677226.3090909093,219.96238463739664
-675650,677674.7363636363,216.59070226826563
-676378,678402.1818181815,218.20973466460342
-676791,678815.6193939392,220.08623711545596
-677505,679529.3739393939,229.16045804591084
-677785,679809.1745454543,232.70102424711226
-678362,680386.5848484847,233.61111358821643
-678677,680701.6078787883,233.1080061479115
-679275,681299.6733333332,225.80855816583323
-679719,681743.9266666665,227.89516025735253
-680393,682417.7121212126,221.30626385386472
-680790,682814.0857575755,219.1411841639893
-681507,683531.8634848485,220.23521867492758
-681878,683902.7524242424,222.6967127552533
-682473,684497.6818181815,225.64160209672895
-682808,684832.0590909088,224.3560776723839
-683344,685368.8436363635,221.82035466276145
-683729,685753.8654545456,220.62261407272987
-684319,686343.1090909089,220.6316642042182
-684631,686655.8109090904,222.61792578852743
-685204,687228.044242424,222.7044405108711
-685495,687519.4972727271,222.96501296914875
-686050,688074.381818182,226.72892608676472
-686350,688374.1345454548,227.65046207304692
-686859,688883.8703030302,227.6358560751815
-687207,689231.8254545457,230.66878933516546
-687743,689767.2575757576,232.0747771551575
-688001,690025.4515151515,232.26747586461005
-688524,690548.6527272727,235.8000553317824
-688786,690810.391212121,236.4535724768809
-689271,691295.8348484851,239.2879301088554
-689517,691541.6684848482,238.41599878810229
-690017,692041.9624242428,239.37873479610943
-690368,692392.3436363635,243.5623167259663
-690882,692906.4590909089,239.2983940505077
-691127,693151.0923636364,238.47330442832686
-691624,693648.0430303031,243.6995486644999
-691871,693895.2928787881,237.75600797769894
-692330,694354.3484848483,239.34063326328518
-692586,694610.8242424241,240.45669225384142
-692999,695023.1381818183,239.31113174299168
-693309,695333.2618181818,239.79653384828728
-693782,695806.3090909093,236.79873479326412
-694031,696055.88,238.73723027829791
-694484,696508.8896969694,238.0518499460627
-694694,696718.8345454544,238.13269799082363
-695140,697164.2909090907,239.4354918894625
-695392,697416.4521212119,238.41997928360914
-695796,697820.6751515149,239.884743914407
-696089,698113.0036363635,241.02991515817237
-696555,698579.5381818184,240.89904625193032
-696803,698827.2309090907,241.8320311598419
-697265,699289.7512121215,238.8636108455049
-697489,699513.0187878788,239.00952129629684
-697914,699938.7075757575,239.72641961823388
-698153,700177.6854545457,237.20611593740935
-698535,700559.0242424243,236.7173884297771
-698864,700888.8381818184,236.60700141533357
-699318,701342.527272727,235.4215271002262
-699574,701598.5236363634,232.4560078431405
-700043,702067.1490909093,230.88479116742866
-700250,702274.9236363637,232.162121529527
-700784,702808.2727272725,232.1824465330735
-701059,703083.9848484849,230.58782898361125
-701518,703542.5218181817,233.35390620979757
-701846,703870.0731818182,232.28052064575172
-702300,704324.5218181817,232.82958847745473
-702631,704655.8054545454,233.54448715907165
-703103,705127.3442424244,234.04269676194465
-703293,705317.9090909093,235.09172492612444
-703776,705800.9518181817,237.18468030646915
-704103,706127.1981818182,237.66123151682797
-704542,706566.9518181819,236.05369135840695
-704760,706784.7395454546,236.04534030139132
-705360,707384.6972727273,238.84806965208156
-705693,707717.7254545457,233.50528810247422
-706249,708273.6806060602,233.5834734270881
-706463,708487.4484848484,233.11228487432953
-707009,709033.1515151514,234.83616059567032
-707503,709527.7878787875,231.43297127712552
-707959,709983.5454545452,230.50735989141307
-708506,710530.4545454548,227.03282273035802
-709033,711057.3563636366,224.9017352890244
-709449,711473.0436363637,225.38896913374532
-710071,712095.4654545452,224.12344691621362
-710293,712317.7272727275,224.00174372112798
-711362,713386.5,223.8856925917568
-712115,714139.578181818,227.63734055505353
-712453,714477.7969696966,227.08319713303533
-713165,715189.732727273,223.14262795384457
-713615,715639.3763636363,227.5826981949172
-714360,716384.1630303029,213.59999290263295
-714635,716659.909090909,210.50988746288758
-715398,717422.2727272725,198.42559568024177
-716005,718029.4848484852,189.87843381686548
-716828,718852.348484849,193.46090298257135
-717337,719361.1818181823,200.8234844705578
-718137,720161.2854545454,212.030518626341
-718640,720664.7595454546,217.04269113163494
-719457,721481.5168181815,219.2003556861584
-719739,721763.8636363633,218.956944794401
-720555,722579.8105454544,216.09677010835378
-721044,723068.5945454545,212.108071771009
-721830,723854.2266666669,212.54540888381376
-722191,724215.9999999999,214.0125927948141
-723025,725049.3554545457,210.4806821716978
-723524,725548.4313636366,211.49197634968232
-724299,726323.591818182,211.07599555762198
-724626,726650.8636363636,211.42656926315465
-725948,727972.5024242426,210.06750978548357
-726643,728667.9021212123,210.24197486380825
-727037,729061.5303030305,211.0778130948141
-727886,729910.9384848482,210.0149974521128
-728310,730334.314545455,212.17164661528162
-728958,730982.3136363637,210.16351745201928
-729234,731258.2272727275,210.70237305797798
-729910,731934.9999999998,211.62321092369945
-730371,732395.75,213.73187878271673
-731043,733067.4999999999,208.1143039021245
-731378,733402.9999999995,207.72075200492253
-732072,734096.2299999999,210.60174265873587
-732512,734536.6199999998,216.1485998526368
-733184,735208.5709090909,214.6624205315424
-733459,735483.909090909,217.88283774216444
-734157,736181.3054545454,217.1944729687879
-734572,736596.2181818187,213.14402038614645
-735319,737343.8193939395,206.92018121563933
-735710,737734.1154545457,204.51910387695122
-736630,738654.9945454549,191.7441063146352
-737224,739248.5554545455,185.6096600660596
-738156,740180.4524848479,185.40236646163788
-738510,740534.9242424242,183.39253921478078
-739379,741403.9024242423,184.76708470912362
-739924,741948.1339393943,189.1426274551468
-740694,742718.7490909089,188.64664196412704
-741112,743136.1696969698,187.3271928405565
-742009,744033.0763636365,188.17959977716015
-742573,744597.1418181813,188.96881973948896
-743721,745745.0454545448,187.29232436787936
-744669,746693.9260606065,190.24154927677864
-745227,747251.0375757577,187.91988159174213
-745990,748014.1957575758,187.95228432826852
-746386,748410.8809090916,187.54375693792414
-747312,749336.9345454549,188.67887489361217
-747864,749888.1786666662,190.17483689562673
-748756,750780.4409090908,192.07592238803636
-749086,751110.2499999993,191.29603626015793
-750023,752047.8681818177,193.54717137122026
-750615,752639.8818181817,197.49572596202373
-751539,753563.0690909092,195.43388919380428
-751984,754008.6545454543,203.90279658442103
-753164,755188.5775757573,199.04605364141202
-753636,755660.8284848488,203.2996954570858
-754616,756640.1684848485,208.10367110123954
-754900,756924.6803030302,209.44507971285617
-755835,757859.4509090913,213.61139014973043
-756412,758436.4157575755,218.3519526756556
-757185,759209.6915151512,222.72008593220357
-757611,759635.8787878784,226.94301148021165
-757928,759952.2121212124,223.02365546155636
-758158,760182.2727272728,225.37366760867587
-758566,760590.0551515151,225.61582539678184
-758989,761013.9418181818,222.7085788690187
-759914,761938.4881818183,216.64080861985224
-760216,762240.0430303031,214.6940079861074
-761151,763175.8036363634,213.99980285899034
-761820,763844.5842424238,219.9481576823577
-762726,764750.8824242424,223.89295015434178
-763231,765255.816565657,222.92608638468548
-763636,765660.6363636359,233.66090567198847
-763901,765925.4848484849,229.40748753827657
-764238,766262.504545454,232.11545547204435
-764858,766882.9121212122,230.6229188352788
-765797,767821.1624242424,224.86466602091244
-766167,768191.2575757578,223.81796491327836
-767111,769135.3843939397,221.64093650394082
-767701,769725.4236363642,225.86635666622993
-768649,770673.1466666668,230.62690342109488
-769070,771094.6666666664,229.56423626852964
-769569,771593.3333333333,236.31890028889168
-769862,771886.666666667,234.24054819146698
-770225,772249.2645454548,239.7120056138232
-770524,772548.5636363636,243.88525238228885
-770787,772811.9595454549,246.49456803753532
-771045,773069.6363636361,243.85475201990903
-771299,773323.8181818182,246.03058180018394
-771734,773758.4690909092,237.7794476149145
-772094,774118.1363636358,239.23120240300534
-773008,775032.808181818,238.38507756925242
-773588,775612.0110606056,241.7410824819303
-774382,776406.2587878784,245.31805526765157
-774832,776856.6969696968,248.92347258064217
-775731,777755.7496969699,247.30321033010094
-776282,778306.7918181821,252.45553887568798
-777107,779131.9836363638,254.92704442683268
-777417,779441.5454545458,254.68956208931286
-778238,780262.9227272724,254.43210628699566
-778769,780793.4363636365,252.52125685420285
-779612,781636.8318181814,257.21033919112165
-779936,781960.6818181819,251.50919000069746
-780778,782802.4496969697,257.43630369580933
-781248,783272.5296969693,255.01817636257545
-782311,784335.7558787881,260.91815012089876
-783084,785108.0824242425,255.84554031289508
-783569,785593.0509090904,259.66462384723866
-784239,786263.6018181813,262.229808343788
-784613,786637.2569696968,264.34502908314164
-785405,787429.5127272734,269.3559592885488
-785853,787877.5690909092,265.99732874144445
-786529,788553.2399999999,257.19893666253785
-786741,788765.8715151517,257.0184549055622
-787544,789568.0409090909,238.64095357456617
-788003,790027.0090909094,235.48574308581584
-788689,790713.4051515154,227.37775029010015
-789106,791130.8827272729,230.55013467896873
-790080,792104.783636363,224.68576227610308
-790667,792691.3012121207,214.45035139887406
-791569,793593.3888888892,213.35775959891657
-791902,793926.7583333338,218.39264166858874
-793172,795196.454545454,208.7893628439667
-793737,795761.3181818175,204.61750641580798
-794902,796926.590909091,198.79240364499174
-795428,797452.8181818188,197.90878630711256
-796731,798755.2978787882,200.48945586551156
-799286,801310.0590909094,198.68361088983107
-800922,802946.087424243,198.6572141815183
-801759,803783.2524242424,202.64710592439062
-801975,803999.2843758516,202.92172318213744
-802059,804083.8706065303,207.49864546768262
-802572,804596.6746300211,204.86193803431442
-803182,805206.4423336205,202.2268391289192
-803718,805742.8684046668,207.28544010704545
