Year,ECD3_bp,CH4_ppb
1937,87,907
1824,200,784
1820,204,762
1799,225,710
1766,258,727
1748,276,696
1743,281,683
1692,332,679
1653,371,676
1605,419,651
1568,456,684
1547,477,681
1491,533,670
1472,552,644
1417,607,670
1411,613,668
1396,628,680
1282,742,667
1272,752,669
1214,810,680
1208,816,643
1089,935,664
1081,943,647
1053,971,648
1011,1013,640
1004,1020,636
913,1111,635
858,1166,633
818,1206,644
733,1291,643
725,1299,629
702,1322,635
612,1412,635
601,1423,650
519,1505,631
507,1517,638
423,1601,632
399,1625,630
330,1694,610
321,1703,623
273,1751,623
233,1791,615
224,1800,623
176,1848,618
157,1867,613
43,1981,613
-1,2025,605
-45,2069,599
-95,2119,604
-154,2178,591
-165,2189,594
-169,2193,609
-258,2282,602
-325,2349,597
-359,2383,595
-371,2395,594
-375,2399,597
-439,2463,593
-464,2488,604
-474,2498,592
-532,2556,579
-565,2589,603
-569,2593,590
-652,2676,592
-674,2698,586
-767,2791,590
-770,2794,580
-774,2798,588
-785,2809,583
-843,2867,580
-850,2874,578
-907,2931,577
-927,2951,577
-1048,3072,581
-1076,3100,573
-1157,3181,576
-1189,3213,589
-1260,3284,568
-1358,3382,581
-1410,3434,589
-1483,3507,573
-1556,3580,570
-1567,3591,560
-1622,3646,575
-1652,3676,596
-1664,3688,578
-1740,3764,578
-1747,3771,581
-1823,3847,576
-1942,3966,574
-1955,3979,578
-2015,4039,575
-2036,4060,549
-2044,4068,568
-2129,4153,576
-2132,4156,563
-2192,4216,570
-2223,4247,582
-2355,4379,577
-2359,4383,568
-2375,4399,579
-2407,4431,584
-2416,4440,570
-2490,4514,570
-2511,4535,568
-2521,4545,582
-2524,4548,562
-2546,4570,580
-2601,4625,560
-2639,4663,580
-2675,4699,560
-2733,4757,563
-2751,4775,560
-2790,4814,570
-2805,4829,563
-2873,4897,579
-2899,4923,570
-2914,4938,573
-2918,4942,568
-3052,5076,561
-3118,5142,563
-3162,5186,551
-3199,5223,553
-3206,5230,558
-3271,5295,574
-3320,5344,561
-3322,5346,564
-3387,5411,577
-3414,5438,565
-3468,5492,570
-3508,5532,566
-3524,5548,580
-3576,5600,581
-3600,5624,563
-3607,5631,568
-3648,5672,591
-3693,5717,571
-3701,5725,578
-3703,5727,570
-3707,5731,581
-3734,5758,584
-3762,5786,586
-3884,5908,575
-3920,5944,570
-3965,5989,584
-4039,6063,564
-4043,6067,602
-4072,6096,592
-4079,6103,597
-4083,6107,581
-4108,6132,597
-4166,6190,590
-4302,6326,590
-4307,6331,577
-4314,6338,583
-4354,6378,592
-4391,6415,577
-4396,6420,580
-4400,6424,581
-4435,6459,587
-4454,6478,588
-4503,6527,617
-4553,6577,602
-4592,6616,602
-4648,6672,599
-4657,6681,601
-4660,6684,595
-4687,6711,607
-4741,6765,604
-4758,6782,636
-4759,6783,603
-4788,6812,608
-4867,6891,605
-4951,6975,633
-4974,6998,607
-5011,7035,614
-5066,7090,631
-5070,7094,610
-5155,7179,612
-5156,7180,607
-5177,7201,623
-5259,7283,618
-5303,7327,618
-5339,7363,602
-5360,7384,623
-5455,7479,612
-5458,7482,602
-5480,7504,617
-5546,7570,625
-5548,7572,610
-5573,7597,617
-5594,7618,617
-5623,7647,623
-5666,7690,620
-5710,7734,619
-5720,7744,623
-5738,7762,620
-5754,7778,623
-5773,7797,618
-5812,7836,620
-5819,7843,611
-5828,7852,612
-5873,7897,614
-5891,7915,620
-5907,7931,598
-5921,7945,600
-5924,7948,612
-5942,7966,589
-5963,7987,613
-6007,8031,624
-6035,8059,660
-6062,8086,632
-6089,8113,606
-6103,8127,626
-6116,8140,633
-6118,8142,624
-6139,8163,651
-6158,8182,640
-6205,8229,642
-6221,8245,641
-6252,8276,660
-6319,8343,647
-6323,8347,649
-6381,8405,665
-6421,8445,648
-6428,8452,660
-6485,8509,654
-6502,8526,654
-6573,8597,662
-6599,8623,657
-6694,8718,671
-6698,8722,659
-6758,8782,675
-6814,8838,676
-6821,8845,658
-6882,8906,674
-6892,8916,657
-6956,8980,648
-7011,9035,671
-7070,9094,664
-7131,9155,671
-7135,9159,665
-7184,9208,664
-7185,9209,665
-7199,9223,666
-7257,9281,663
-7331,9355,675
-7355,9379,671
-7362,9386,674
-7441,9465,676
-7510,9534,675
-7560,9584,682
-7583,9607,685
-7637,9661,689
-7642,9666,683
-7690,9714,693
-7750,9774,676
-7769,9793,674
-7844,9868,670
-7851,9875,682
-7885,9909,675
-7932,9956,685
-8012,10036,678
-8086,10110,717
-8148,10172,698
-8242,10266,694
-8254,10278,678
-8303,10327,682
-8324,10348,688
-8444,10468,672
-8459,10483,661
-8528,10552,669
-8568,10592,652
-8654,10678,671
-8662,10686,666
-8709,10733,685
-8757,10781,681
-8862,10886,694
-8868,10892,673
-8922,10946,679
-8975,10999,703
-9116,11140,650
-9128,11152,633
-9174,11198,653
-9180,11204,654
-9266,11290,665
-9375,11399,643
-9383,11407,559
-9460,11484,469
-9660,11684,488
-9675,11699,468
-9767,11791,477
-9848,11872,462
-9858,11882,483
-9971,11995,462
-10083,12107,480
-10089,12113,467
-10144,12168,479
-10388,12412,542
-10527,12551,651
-10535,12559,627
-10655,12679,643
-10786,12810,610
-10797,12821,646
-10934,12958,661
-10960,12984,662
-11120,13144,670
-11129,13153,653
-11305,13329,646
-11406,13430,628
-11468,13492,625
-11478,13502,619
-11547,13571,613
-11675,13699,619
-11687,13711,623
-11696,13720,630
-11821,13845,612
-11992,14016,578
-12001,14025,597
-12060,14084,569
-12339,14363,465
-12362,14386,476
-12585,14609,461
-12597,14621,470
-12605,14629,469
-12761,14785,459
-12920,14944,470
-13016,15040,476
-13253,15277,463
-13267,15291,451
-13443,15467,452
-13595,15619,441
-13605,15629,456
-13894,15918,441
-13915,15939,438
-13920,15944,473
-14110,16134,419
-14263,16287,424
-14293,16317,427
-14480,16504,405
-14654,16678,409
-14667,16691,404
-14876,16900,408
-14883,16907,381
-15096,17120,395
-15125,17149,389
-15366,17390,371
-15556,17580,375
-15581,17605,366
-15593,17617,384
-15839,17863,366
-15959,17983,377
-15973,17997,371
-16306,18330,375
-16540,18564,371
-16558,18582,378
-16569,18593,371
-16923,18947,373
-16940,18964,379
-17367,19391,366
-17501,19525,358
-17529,19553,377
-17730,19754,356
-17743,19767,351
-18013,20037,374
-18174,20198,375
-18516,20540,384
-18519,20543,367
-18758,20782,378
-19004,21028,365
-19268,21292,354
-19520,21544,357
-19836,21860,357
-20036,22060,355
-20768,22792,407
-20945,22969,385
-21180,23204,390
-21329,23353,390
-21522,23546,390
-21797,23821,386
-21938,23962,398
-22134,24158,375
-22349,24373,360
-22566,24590,373
-22771,24795,389
-22977,25001,372
-23379,25403,370
-23649,25673,365
-23874,25898,355
-24040,26064,364
-24681,26705,396
-24968,26992,387
-25124,27148,386
-25386,27410,396
-25554,27578,406
-25730,27754,426
-25946,27970,382
-26186,28210,399
-26336,28360,402
-26552,28576,414
-26814,28838,444
-27141,29165,388
-27369,29393,368
-27751,29775,391
-28030,30054,399
-28198,30222,392
-28668,30692,410
-28811,30835,408
-29024,31048,392
-29248,31272,404
-29454,31478,412
-29806,31830,427
-29843,31867,422
-29945,31969,441
-30119,32143,457
-30213,32237,471
-30304,32328,431
-30420,32444,452
-30465,32489,409
-30638,32662,410
-30695,32719,405
-30818,32842,404
-30864,32888,415
-30954,32978,432
-31076,33100,424
-31110,33134,428
-31198,33222,440
-31252,33276,443
-31298,33322,444
-31530,33554,461
-31738,33762,479
-31785,33809,426
-31860,33884,415
-31907,33931,419
-32096,34120,420
-32129,34153,430
-32235,34259,430
-32387,34411,428
-32581,34605,447
-32628,34652,457
-32718,34742,489
-32951,34975,519
-32954,34978,520
-32996,35020,513
-33111,35135,514
-33231,35255,498
-33288,35312,492
-33380,35404,427
-33539,35563,421
-33700,35724,444
-33814,35838,426
-33891,35915,425
-33943,35967,441
-34050,36074,440
-34154,36178,441
-34358,36382,471
-34424,36448,469
-34572,36596,494
-34663,36687,524
-34987,37011,534
-35038,37062,534
-35177,37201,587
-35238,37262,536
-35250,37274,548
-35348,37372,572
-35417,37441,563
-35456,37480,580
-35565,37589,560
-35574,37598,557
-35609,37633,544
-35725,37749,547
-35801,37825,539
-35899,37923,540
-35943,37967,481
-36095,38119,526
-36287,38311,443
-36471,38495,440
-36847,38871,455
-37070,39094,441
-37226,39250,450
-37423,39447,444
-37641,39665,427
-37804,39828,419
-37841,39865,419
-37858,39882,411
-38047,40071,424
-38081,40105,422
-38102,40126,414
-38212,40236,442
-38261,40285,448
-38269,40293,440
-38344,40368,450
-38421,40445,429
-38475,40499,420
-38686,40710,413
-38699,40723,419
-38854,40878,426
-38898,40922,447
-38910,40934,422
-39001,41025,433
-39108,41132,420
-39119,41143,434
-39160,41184,433
-39216,41240,442
-39273,41297,457
-39307,41331,465
-39315,41339,462
-39401,41425,465
-39420,41444,465
-39511,41535,467
-39737,41761,458
-39977,42001,414
-40101,42125,429
-40213,42237,416
-40346,42370,415
-40546,42570,456
-40729,42753,446
-40889,42913,471
-40934,42958,470
-41086,43110,486
-41169,43193,482
-41395,43419,463
-41487,43511,437
-41640,43664,415
-41913,43937,411
-42212,44236,431
-42453,44477,427
-42725,44749,469
-43039,45063,462
-43284,45308,490
-43464,45488,467
-43748,45772,487
-43927,45951,499
-44264,46288,497
-44389,46413,514
-44599,46623,499
-44795,46819,493
-45038,47062,440
-45238,47262,432
-45271,47295,441
-45521,47545,425
-45718,47742,437
-46002,48026,453
-46223,48247,414
-46728,48752,435
-46989,49013,461
-47307,49331,464
-47538,49562,434
-47766,49790,452
-47940,49964,492
-48242,50266,470
-48491,50515,489
-48672,50696,493
-48971,50995,510
-49194,51218,515
-49477,51501,544
-49671,51695,517
-49933,51957,531
-50170,52194,527
-50399,52423,567
-50582,52606,543
-50864,52888,529
-51039,53063,530
-51249,53273,535
-51482,53506,513
-51739,53763,438
-51922,53946,438
-52150,54174,437
-52453,54477,462
-52881,54905,476
-53135,55159,514
-53338,55362,461
-53642,55666,466
-53846,55870,534
-53857,55881,483
-54366,56390,546
-54642,56666,550
-54840,56864,543
-54893,56917,554
-55306,57330,542
-55586,57610,515
-55771,57795,520
-56043,58067,561
-56208,58232,554
-56441,58465,502
-56660,58684,523
-56930,58954,454
-57104,59128,442
-57416,59440,435
-57640,59664,425
-57915,59939,443
-58099,60123,426
-58391,60415,430
-58598,60622,425
-58862,60886,412
-58898,60922,437
-59101,61125,432
-59697,61721,431
-60007,62031,439
-60252,62276,430
-60606,62630,444
-60869,62893,444
-61253,63277,468
-61482,63506,484
-61817,63841,489
-62067,64091,434
-62400,64424,440
-62704,64728,462
-63034,65058,461
-63309,65333,457
-63665,65689,476
-63976,66000,444
-64305,66329,461
-64539,66563,449
-64868,66892,459
-65126,67150,453
-65482,67506,471
-65782,67806,480
-66086,68110,451
-66329,68353,456
-66734,68758,474
-67026,69050,460
-67410,69434,462
-67636,69660,450
-67983,70007,490
-68221,70245,473
-68495,70519,470
-68683,70707,475
-68916,70940,482
-69148,71172,449
-69403,71427,431
-69661,71685,432
-69941,71965,432
-70259,72283,457
-70579,72603,453
-70904,72928,448
-71175,73199,452
-71483,73507,451
-71735,73759,461
-71966,73990,469
-72207,74231,467
-72441,74465,477
-72681,74705,461
-72935,74959,416
-73189,75213,415
-73475,75499,424
-73762,75786,438
-74022,76046,422
-74291,76315,466
-74579,76603,442
-74846,76870,442
-75106,77130,472
-75367,77391,475
-75644,77668,450
-75935,77959,463
-76200,78224,477
-76416,78440,487
-76696,78720,497
-76961,78985,512
-77197,79221,515
-77448,79472,515
-77676,79700,536
-77924,79948,563
-78154,80178,535
-78372,80396,550
-78620,80644,549
-78852,80876,548
-79126,81150,584
-79334,81358,576
-79574,81598,595
-79791,81815,571
-80033,82057,606
-80262,82286,617
-80468,82492,616
-80690,82714,622
-80916,82940,629
-81117,83141,631
-81327,83351,560
-81561,83585,515
-81789,83813,485
-82022,84046,465
-82275,84299,464
-82511,84535,445
-82751,84775,450
-82999,85023,443
-83255,85279,452
-83491,85515,454
-83816,85840,429
-83996,86020,425
-84258,86282,468
-84522,86546,429
-84776,86800,448
-85054,87078,446
-85390,87414,480
-85664,87688,507
-85951,87975,502
-86251,88275,508
-86559,88583,501
-86828,88852,494
-87111,89135,494
-87372,89396,476
-87631,89655,463
-88164,90188,445
-88450,90474,447
-88744,90768,461
-89012,91036,437
-89288,91312,432
-89602,91626,448
-89847,91871,447
-90113,92137,437
-90396,92420,437
-90662,92686,442
-90942,92966,439
-91481,93505,436
-91733,93757,442
-91991,94015,434
-92248,94272,454
-92507,94531,436
-92751,94775,453
-93013,95037,442
-93286,95310,435
-93538,95562,453
-93809,95833,464
-94071,96095,486
-94348,96372,479
-94607,96631,495
-94876,96900,501
-95135,97159,491
-95396,97420,487
-95672,97696,505
-95934,97958,506
-96195,98219,511
-96443,98467,512
-96716,98740,524
-96992,99016,526
-97273,99297,526
-97542,99566,525
-97805,99829,530
-98074,100098,530
-98379,100403,547
-98669,100693,537
-98949,100973,547
-99219,101243,538
-99481,101505,542
-99741,101765,511
-100072,102096,491
-100295,102319,509
-100592,102616,472
-100893,102917,470
-101207,103231,498
-101508,103532,515
-101837,103861,559
-102154,104178,573
-102470,104494,581
-102774,104798,602
-103084,105108,596
-103414,105438,572
-103749,105773,618
-104042,106066,601
-104326,106350,595
-104598,106622,591
-104899,106923,483
-105207,107231,445
-105530,107554,460
-105868,107892,464
-106235,108259,475
-106627,108651,486
-107012,109036,508
-107361,109385,495
-107699,109723,509
-108043,110067,502
-108380,110404,505
-108720,110744,492
-109032,111056,496
-109359,111383,473
-109699,111723,474
-110035,112059,456
-110361,112385,455
-110683,112707,464
-111003,113027,467
-111384,113408,451
-111646,113670,471
-111937,113961,471
-112506,114530,473
-112779,114803,474
-113052,115076,472
-113315,115339,501
-113586,115610,496
-113863,115887,501
-114123,116147,495
-114388,116412,504
-114649,116673,528
-114892,116916,544
-115145,117169,533
-115390,117414,546
-115866,117890,548
-116086,118110,545
-116319,118343,579
-116559,118583,565
-116794,118818,578
-117013,119037,579
-117290,119314,591
-117462,119486,567
-117679,119703,571
-117892,119916,566
-118120,120144,576
-118323,120347,568
-118547,120571,591
-118763,120787,613
-118965,120989,598
-119173,121197,601
-119384,121408,613
-119586,121610,610
-119792,121816,603
-119997,122021,609
-120211,122235,607
-120407,122431,608
-120605,122629,599
-120817,122841,607
-121053,123077,607
-121232,123256,608
-121438,123462,615
-121639,123663,616
-121850,123874,611
-122048,124072,614
-122243,124267,621
-122440,124464,622
-122704,124728,632
-122872,124896,627
-123071,125095,642
-123275,125299,642
-123486,125510,647
-123684,125708,656
-123915,125939,658
-124109,126133,650
-124322,126346,660
-124537,126561,640
-124729,126753,651
-124906,126930,650
-125080,127104,646
-125278,127302,670
-125471,127495,677
-125646,127670,681
-125687,127711,679
-125824,127848,692
-125983,128007,706
-126158,128182,715
-126320,128344,704
-126473,128497,722
-126635,128659,726
-126800,128824,644
-126971,128995,535
-127147,129171,537
-127324,129348,552
-127495,129519,551
-127679,129703,531
-127856,129880,515
-128061,130085,512
-128283,130307,499
-128459,130483,521
-128690,130714,518
-128925,130949,487
-129163,131187,493
-129401,131425,494
-129674,131698,479
-129956,131980,456
-130258,132282,461
-130596,132620,462
-130926,132950,460
-131289,133313,449
-131653,133677,506
-132034,134058,428
-132439,134463,436
-132850,134874,415
-133352,135376,404
-133853,135877,382
-134422,136446,409
-134856,136880,375
-135575,137599,395
-135869,137893,395
-136501,138525,406
-136919,138943,368
-137455,139479,432
-138021,140045,358
-138568,140592,342
-139125,141149,349
-139668,141692,359
-140217,142241,368
-140827,142851,375
-141260,143284,385
-141849,143873,401
-142352,144376,401
-142884,144908,375
-143449,145473,391
-144079,146103,402
-144483,146507,410
-145098,147122,421
-145559,147583,423
-146084,148108,471
-146632,148656,428
-147240,149264,433
-147686,149710,441
-148176,150200,404
-148698,150722,400
-149233,151257,432
-149765,151789,422
-150411,152435,426
-150831,152855,413
-151388,153412,402
-151972,153996,403
-152515,154539,393
-153072,155096,385
-153615,155639,407
-154208,156232,399
-154833,156857,422
-155481,157505,400
-156047,158071,410
-156570,158594,407
-157048,159072,440
-157526,159550,407
-158058,160082,415
-158661,160685,410
-159389,161413,424
-159840,161864,413
-160371,162395,442
-160896,162920,411
-161415,163439,417
-162024,164048,393
-162599,164623,384
-163198,165222,424
-163783,165807,433
-164360,166384,449
-164957,166981,479
-165540,167564,495
-166061,168085,496
-166542,168566,445
-167051,169075,478
-167603,169627,442
-168213,170237,448
-168816,170840,484
-169397,171421,480
-170480,172504,433
-171189,173213,456
-171683,173707,427
-172236,174260,457
-172789,174813,471
-173391,175415,466
-174079,176103,499
-174724,176748,547
-175301,177325,550
-175828,177852,542
-176471,178495,479
-176969,178993,483
-177627,179651,452
-178270,180294,490
-179069,181093,496
-179614,181638,496
-180323,182347,528
-180965,182989,530
-181766,183790,532
-182258,184282,514
-182905,184929,476
-183593,185617,459
-184256,186280,447
-184962,186986,437
-185466,187490,446
-185981,188005,462
-186547,188571,425
-187073,189097,423
-187651,189675,432
-188309,190333,470
-189120,191144,471
-189652,191676,496
-190150,192174,512
-190742,192766,503
-191329,193353,493
-191965,193989,472
-192550,194574,488
-193113,195137,530
-193655,195679,534
-194154,196178,548
-194666,196690,564
-195165,197189,589
-195632,197656,579
-196086,198110,598
-196515,198539,609
-196954,198978,668
-197400,199424,627
-198398,200422,539
-198791,200815,530
-199344,201368,539
-199709,201733,541
-200213,202237,466
-200726,202750,489
-201302,203326,436
-201847,203871,493
-202401,204425,462
-202936,204960,488
-203426,205450,490
-203932,205956,506
-204401,206425,487
-204902,206926,499
-205390,207414,513
-205836,207860,504
-206403,208427,515
-206763,208787,511
-207203,209227,532
-207663,209687,548
-208103,210127,565
-208528,210552,558
-208954,210978,579
-209400,211424,593
-209852,211876,577
-210311,212335,583
-210742,212766,586
-211179,213203,573
-211638,213662,574
-212102,214126,591
-212569,214593,561
-213015,215039,569
-213481,215505,506
-213965,215989,457
-214452,216476,480
-214990,217014,454
-215216,217240,443
-215456,217480,452
-215692,217716,445
-215817,217841,453
-216218,218242,460
-216475,218499,495
-216733,218757,461
-216998,219022,469
-217266,219290,489
-217543,219567,508
-217825,219849,538
-218115,220139,477
-218426,220450,484
-218729,220753,491
-219038,221062,488
-219374,221398,501
-219694,221718,495
-220035,222059,504
-220338,222362,528
-220629,222653,519
-220979,223003,543
-221316,223340,489
-221652,223676,464
-221918,223942,504
-222382,224406,476
-222737,224761,496
-222950,224974,516
-223956,225980,556
-224306,226330,532
-224587,226611,547
-224763,226787,547
-225235,227259,503
-225582,227606,504
-225938,227962,491
-226297,228321,517
-226642,228666,490
-226992,229016,471
-227311,229335,473
-227471,229495,464
-227927,229951,474
-228231,230255,506
-228572,230596,456
-228914,230938,417
-229260,231284,429
-229455,231479,431
-229894,231918,429
-230185,232209,433
-230484,232508,440
-230811,232835,434
-231103,233127,419
-231377,233401,429
-231643,233667,457
-231924,233948,430
-232199,234223,426
-232481,234505,433
-232731,234755,453
-232987,235011,519
-233128,235152,462
-233477,235501,478
-233742,235766,499
-233970,235994,508
-234151,236175,481
-234440,236464,512
-234661,236685,518
-234912,236936,529
-235042,237066,554
-235158,237182,543
-235359,237383,545
-235482,237506,548
-235815,237839,539
-235924,237948,565
-236031,238055,557
-236159,238183,554
-236368,238392,566
-236465,238489,550
-236691,238715,549
-236804,238828,588
-236898,238922,549
-236998,239022,559
-237099,239123,565
-237204,239228,579
-237318,239342,564
-237540,239564,566
-237624,239648,577
-237711,239735,562
-237885,239909,594
-237984,240008,597
-238077,240101,592
-238263,240287,601
-238353,240377,606
-238441,240465,599
-238629,240653,609
-238721,240745,616
-238811,240835,616
-238987,241011,611
-239075,241099,627
-239154,241178,623
-239329,241353,641
-239428,241452,661
-239667,241691,648
-239740,241764,667
-239804,241828,653
-239957,241981,673
-240027,242051,696
-240096,242120,680
-240248,242272,594
-240328,242352,523
-240406,242430,539
-240560,242584,521
-240647,242671,515
-240723,242747,519
-240883,242907,525
-240973,242997,542
-241396,243420,538
-241488,243512,558
-241756,243780,546
-241972,243996,541
-242205,244229,528
-242435,244459,528
-242660,244684,523
-242900,244924,519
-243130,245154,502
-243272,245296,503
-243645,245669,494
-243934,245958,475
-244243,246267,486
-244582,246606,513
-244934,246958,508
-245123,247147,545
-245613,247637,525
-245911,247935,525
-246088,248112,540
-246578,248602,473
-246901,248925,466
-247229,249253,408
-247596,249620,410
-247957,249981,413
-248311,250335,408
-248670,250694,432
-249782,251806,401
-250207,252231,395
-250592,252616,396
-250980,253004,401
-251351,253375,398
-251738,253762,426
-251959,253983,427
-252492,254516,420
-252837,254861,405
-253204,255228,442
-253597,255621,422
-254016,256040,448
-254350,256374,475
-254743,256767,466
-255128,257152,483
-255490,257514,465
-255672,257696,450
-256213,258237,493
-256562,258586,510
-256941,258965,496
-257329,259353,430
-257721,259745,473
-258067,260091,451
-258456,260480,434
-258849,260873,456
-259207,261231,452
-259609,261633,424
-259998,262022,443
-260387,262411,480
-260795,262819,482
-261191,263215,509
-261512,263536,462
-261893,263917,414
-262273,264297,417
-262645,264669,398
-263028,265052,415
-263419,265443,412
-263843,265867,422
-264280,266304,417
-264679,266703,384
-265118,267142,425
-265567,267591,414
-266005,268029,418
-266446,268470,454
-266898,268922,423
-267348,269372,454
-267593,269617,439
-268252,270276,460
-268698,270722,441
-269167,271191,458
-269657,271681,453
-269882,271906,445
-270562,272586,470
-270833,272857,451
-271553,273577,483
-271998,274022,467
-272466,274490,463
-272934,274958,475
-273408,275432,455
-273874,275898,479
-274320,276344,504
-274724,276748,467
-275151,277175,452
-275599,277623,480
-275845,277869,466
-276506,278530,428
-276760,278784,438
-277363,279387,420
-277818,279842,463
-278197,280221,455
-278396,280420,473
-278943,280967,462
-279352,281376,448
-279782,281806,457
-280171,282195,468
-280561,282585,425
-280941,282965,453
-281303,283327,471
-281661,283685,499
-282036,284060,509
-282416,284440,465
-282783,284807,477
-283120,285144,457
-283481,285505,470
-283839,285863,486
-284186,286210,495
-284545,286569,500
-284888,286912,507
-285209,287233,520
-285545,287569,529
-285877,287901,514
-286176,288200,521
-286532,288556,511
-286883,288907,532
-287241,289265,530
-287575,289599,531
-287901,289925,547
-288218,290242,524
-289279,291303,454
-289683,291707,459
-290079,292103,448
-290438,292462,453
-290818,292842,444
-291009,293033,454
-291676,293700,482
-291916,293940,521
-292584,294608,489
-292845,294869,501
-293508,295532,552
-293715,295739,564
-294308,296332,587
-294516,296540,524
-295110,297134,488
-295315,297339,505
-295995,298019,467
-296235,298259,491
-296943,298967,519
-297141,299165,518
-297788,299812,496
-298172,300196,518
-298372,300396,520
-298971,300995,459
-299192,301216,487
-299874,301898,453
-300106,302130,453
-300667,302691,456
-300898,302922,462
-301482,303506,466
-301687,303711,477
-302312,304336,491
-302522,304546,490
-303097,305121,498
-303287,305311,505
-303852,305876,451
-304054,306078,449
-304688,306712,459
-304919,306943,485
-305606,307630,459
-305845,307869,466
-306500,308524,478
-306720,308744,509
-307372,309396,467
-307610,309634,460
-308246,310270,461
-308483,310507,493
-309077,311101,470
-309283,311307,517
-309912,311936,515
-310101,312125,516
-310723,312747,522
-310920,312944,540
-311436,313460,548
-311601,313625,568
-312160,314184,553
-312348,314372,634
-312905,314929,618
-313095,315119,606
-313615,315639,598
-313813,315837,635
-314339,316363,607
-314522,316546,515
-315077,317101,465
-315280,317304,459
-315851,317875,445
-316059,318083,480
-316670,318694,481
-316887,318911,479
-317511,319535,478
-317715,319739,480
-318318,320342,498
-318522,320546,503
-319073,321097,521
-319264,321288,529
-319781,321805,519
-319960,321984,528
-320456,322480,519
-320626,322650,533
-321114,323138,544
-321278,323302,557
-321722,323746,593
-321863,323887,568
-322291,324315,580
-322459,324483,590
-322891,324915,612
-323047,325071,617
-323467,325491,626
-323605,325629,644
-324000,326024,633
-324148,326172,635
-324537,326561,611
-324673,326697,634
-325077,327101,644
-325219,327243,654
-325613,327637,642
-325751,327775,662
-326132,328156,657
-326792,328816,669
-327229,329253,636
-327376,329400,658
-327777,329801,643
-327920,329944,663
-328292,330316,621
-328431,330455,637
-328805,330829,615
-328950,330974,637
-329338,331362,636
-329475,331499,649
-329832,331856,673
-330090,332114,721
-330199,332223,726
-330507,332531,738
-330626,332650,776
-330925,332949,798
-331038,333062,797
-331334,333358,599
-331554,333578,590
-331768,333792,604
-331889,333913,607
-332194,334218,631
-332336,334360,652
-332687,334711,581
-332828,334852,597
-333212,335236,570
-333360,335384,566
-333798,335822,537
-333996,336020,531
-334493,336517,496
-334702,336726,504
-335237,337261,486
-335464,337488,486
-336151,338175,453
-336615,338639,445
-336657,338681,445
-337172,339196,465
-337447,339471,460
-338260,340284,449
-338576,340600,439
-339541,341565,395
-339890,341914,394
-340886,342910,370
-341471,343495,366
-342161,344185,375
-342533,344557,368
-343401,345425,374
-343729,345753,389
-344658,346682,391
-345254,347278,417
-345902,347926,403
-346223,348247,421
-347096,349120,459
-347396,349420,407
-348219,350243,392
-348506,350530,402
-349476,351500,414
-349809,351833,403
-350696,352720,397
-351272,353296,405
-351894,353918,395
-352586,354610,406
-353255,355279,403
-353892,355916,404
-354554,356578,420
-355244,357268,435
-355907,357931,431
-356624,358648,417
-357252,359276,418
-357913,359937,456
-358563,360587,415
-359272,361296,420
-359892,361916,466
-360491,362515,433
-361093,363117,487
-361699,363723,413
-362319,364343,449
-362992,365016,416
-363627,365651,460
-364256,366280,416
-364900,366924,403
-365481,367505,460
-366124,368148,422
-366788,368812,422
-367374,369398,444
-367967,369991,518
-368547,370571,508
-369184,371208,491
-369813,371837,502
-370378,372402,523
-370943,372967,540
-371517,373541,451
-372142,374166,445
-372835,374859,426
-373501,375525,426
-374156,376180,433
-374756,376780,445
-375380,377404,442
-377169,379193,494
-377757,379781,485
-378306,380330,548
-378913,380937,544
-379473,381497,548
-380005,382029,601
-380597,382621,587
-381175,383199,482
-381763,383787,536
-382341,384365,561
-382907,384931,553
-383502,385526,577
-384080,386104,594
-384665,386689,637
-385228,387252,531
-385818,387842,463
-386472,388496,452
-387165,389189,472
-387821,389845,568
-388440,390464,525
-389025,391049,506
-389582,391606,488
-390195,392219,489
-390716,392740,498
-391243,393267,485
-391749,393773,562
-392246,394270,550
-392727,394751,594
-393178,395202,585
-393604,395628,603
-394107,396131,594
-394574,396598,602
-394964,396988,590
-395389,397413,605
-395811,397835,600
-396225,398249,612
-396645,398669,608
-397070,399094,593
-397465,399489,580
-397858,399882,607
-398254,400278,607
-398642,400666,662
-399029,401053,628
-399386,401410,627
-399759,401783,633
-400140,402164,646
-400505,402529,642
-400866,402890,640
-401229,403253,653
-401602,403626,681
-401951,403975,664
-402304,404328,674
-402715,404739,661
-403059,405083,663
-403418,405442,659
-403778,405802,700
-404119,406143,708
-404503,406527,672
-404873,406897,691
-405222,407246,736
-405594,407618,710
-405959,407983,681
-406360,408384,695
-406740,408764,711
-407115,409139,714
-407524,409548,699
-407920,409944,710
-408357,410381,713
-408789,410813,701
-409221,411245,694
-409661,411685,700
-410112,412136,712
-410632,412656,659
-411117,413141,656
-411611,413635,690
-412082,414106,696
-412626,414650,677
-413132,415156,638
-413618,415642,639
-413835,415859,620
-414087,416111,623
-414310,416334,630
-414621,416645,633
-415132,417156,634
-415307,417331,671
-415618,417642,647
-415813,417837,668
-416155,418179,635
-416366,418390,658
-416672,418696,660
-416940,418964,655
-417416,419440,665
-417725,419749,687
-417926,419950,674
-418291,420315,695
-418496,420520,678
-418792,420816,699
-419406,421430,703
-419615,421639,684
-420031,422055,689
-420207,422231,672
-420596,422620,689
-421069,423093,660
-421401,423425,649
-421876,423900,622
-422266,424290,598
-422458,424482,604
-422766,424790,618
-422934,424958,605
-423017,425041,584
-423224,425248,498
-423279,425303,503
-423663,425687,508
-424077,426101,457
-424447,426471,463
-424663,426687,459
-425132,427156,465
-425435,427459,412
-425901,427925,418
-426829,428853,472
-427183,429207,406
-427839,429863,382
-428083,430107,380
-428848,430872,385
-429244,431268,394
-429964,431988,389
-431120,433144,392
-432152,434176,381
-433365,435389,381
-434513,436537,385
-435708,437732,395
-436481,438505,392
-438146,440170,405
-438720,440744,400
-439926,441950,438
-441117,443141,439
-441583,443607,439
-442236,444260,491
-442632,444656,427
-443273,445297,409
-443812,445836,452
-444629,446653,474
-444981,447005,506
-445664,447688,427
-446738,448762,389
-447962,449986,381
-449151,451175,384
-450249,452273,403
-451474,453498,426
-451942,453966,486
-452736,454760,468
-453290,455314,434
-454061,456085,412
-455474,457498,408
-456941,458965,398
-458210,460234,409
-458767,460791,424
-459597,461621,521
-460140,462164,463
-460897,462921,491
-462300,464324,448
-463719,465743,442
-465120,467144,491
-465727,467751,491
-466430,468454,430
-467473,469497,443
-468523,470547,482
-469662,471686,482
-470676,472700,440
-471724,473748,456
-472782,474806,475
-473834,475858,504
-474822,476846,517
-475725,477749,528
-476752,478776,496
-477760,479784,531
-478135,480159,504
-478687,480711,492
-479602,481626,504
-480458,482482,507
-481327,483351,516
-482156,484180,544
-482970,484994,543
-483767,485791,569
-484505,486529,583
-485270,487294,583
-485983,488007,615
-486693,488717,624
-487434,489458,588
-488165,490189,558
-488880,490904,584
-489656,491680,534
-490438,492462,501
-491212,493236,500
-491993,494017,517
-492788,494812,496
-493563,495587,514
-494322,496346,522
-495060,497084,516
-495823,497847,506
-496577,498601,509
-497326,499350,499
-498068,500092,496
-498827,500851,512
-499621,501645,522
-500299,502323,517
-501088,503112,515
-501855,503879,549
-502530,504554,566
-503205,505229,524
-503999,506023,579
-504742,506766,601
-505450,507474,573
-506165,508189,582
-506957,508981,557
-507715,509739,533
-508492,510516,520
-509240,511264,495
-509976,512000,487
-510717,512741,486
-511447,513471,488
-512168,514192,496
-512855,514879,507
-513545,515569,519
-513808,515832,483
-514179,516203,477
-514454,516478,501
-514822,516846,508
-515467,517491,507
-516095,518119,512
-516722,518746,499
-518647,520671,524
-519311,521335,522
-519955,521979,535
-520640,522664,516
-521367,523391,534
-522128,524152,518
-522873,524897,534
-523635,525659,538
-524364,526388,541
-525140,527164,529
-525928,527952,518
-526244,528268,520
-526751,528775,464
-527624,529648,441
-528619,530643,450
-529680,531704,420
-530766,532790,422
-531901,533925,458
-532968,534992,449
-534188,536212,490
-535288,537312,497
-535779,537803,467
-536460,538484,448
-536985,539009,415
-537669,539693,400
-538846,540870,391
-540030,542054,408
-541241,543265,405
-542398,544422,427
-543499,545523,418
-544707,546731,409
-545584,547608,390
-546587,548611,434
-547504,549528,456
-548353,550377,472
-549147,551171,477
-549988,552012,491
-550370,552394,443
-550730,552754,431
-551369,553393,471
-552016,554040,501
-552630,554654,519
-553173,555197,557
-553664,555688,578
-554168,556192,575
-554778,556802,531
-555223,557247,496
-555723,557747,443
-556227,558251,443
-556745,558769,468
-557290,559314,492
-557811,559835,501
-558291,560315,516
-558500,560524,511
-558972,560996,464
-559453,561477,484
-559692,561716,486
-560138,562162,497
-560549,562573,495
-560969,562993,532
-561394,563418,529
-561781,563805,554
-562185,564209,550
-562572,564596,579
-562959,564983,581
-563335,565359,589
-563735,565759,577
-564108,566132,627
-564501,566525,618
-564889,566913,626
-565268,567292,620
-565642,567666,603
-566037,568061,615
-566430,568454,613
-566821,568845,589
-567209,569233,590
-567598,569622,589
-567997,570021,588
-568419,570443,580
-568816,570840,597
-569229,571253,594
-569652,571676,610
-570051,572075,604
-570475,572499,614
-570899,572923,612
-571312,573336,613
-571749,573773,598
-572197,574221,620
-572646,574670,605
-573097,575121,600
-573573,575597,581
-574039,576063,589
-574553,576577,584
-575052,577076,597
-575583,577607,579
-576100,578124,602
-576642,578666,602
-577199,579223,618
-577788,579812,609
-578004,580028,521
-578373,580397,505
-579114,581138,484
-580024,582048,488
-580956,582980,482
-584417,586441,470
-585596,587620,451
-586665,588689,468
-587886,589910,480
-588430,590454,428
-590204,592228,483
-591388,593412,510
-592512,594536,539
-593159,595183,463
-593950,595974,448
-595324,597348,465
-595984,598008,496
-596845,598869,544
-598281,600305,534
-599695,601719,542
-601116,603140,526
-602512,604536,503
-603907,605931,533
-605205,607229,538
-606475,608499,578
-606941,608965,577
-607637,609661,583
-608839,610863,593
-610005,612029,620
-611220,613244,601
-612403,614427,620
-613630,615654,617
-615003,617027,611
-616396,618420,604
-617730,619754,602
-619097,621121,609
-619746,621770,627
-620626,622650,661
-621230,623254,618
-622067,624091,572
-622646,624670,573
-623521,625545,478
-624070,626094,474
-625076,627100,386
-627140,629164,356
-629795,631819,376
-632347,634371,361
-634927,636951,373
-637649,639673,373
-640489,642513,369
-641234,643258,386
-642525,644549,429
-644706,646730,429
-646942,648966,426
-648727,650751,414
-650705,652729,409
-652531,654555,397
-654141,656165,414
-654857,656881,398
-655795,657819,344
-657454,659478,359
-659084,661108,402
-660574,662598,384
-662084,664108,414
-664268,666292,376
-665030,667054,374
-665640,667664,365
-666376,668400,385
-666842,668866,390
-667679,669703,396
-668965,670989,489
-669050,671074,483
-669276,671300,439
-669974,671998,462
-670382,672406,471
-671113,673137,529
-671488,673512,512
-672164,674188,562
-672458,674482,564
-673159,675183,554
-673590,675614,551
-674206,676230,536
-674598,676622,455
-675023,677047,466
-675342,677366,464
-675914,677938,491
-676236,678260,495
-676882,678906,494
-677149,679173,500
-677246,679270,544
-677786,679810,460
-678161,680185,446
-678606,680630,466
-678896,680920,490
-679467,681491,482
-679822,681846,486
-680439,682463,505
-680703,682727,523
-680777,682801,543
-681310,683334,494
-681617,683641,498
-682105,684129,499
-682436,684460,504
-682912,684936,520
-683749,685773,508
-683975,685999,514
-684441,686465,521
-684737,686761,523
-685474,687498,538
-685936,687960,529
-686204,688228,527
-686635,688659,538
-686898,688922,542
-687346,689370,557
-687609,689633,540
-688033,690057,555
-688330,690354,549
-688757,690781,561
-689416,691440,584
-689672,691696,568
-690085,692109,570
-690353,692377,557
-690750,692774,596
-691006,693030,602
-691416,693440,590
-692055,694079,615
-692313,694337,629
-692699,694723,639
-692955,694979,635
-693349,695373,652
-693621,695645,632
-694030,696054,647
-694279,696303,643
-694693,696717,645
-694968,696992,624
-695658,697682,604
-696097,698121,605
-696324,698348,588
-697182,699206,604
-697607,699631,594
-697922,699946,566
-698396,700420,581
-698715,700739,578
-699253,701277,595
-699581,701605,571
-700102,702126,584
-700513,702537,594
-700968,702992,605
-701377,703401,582
-701926,703950,593
-702258,704282,588
-702911,704935,602
-703387,705411,585
-704027,706051,610
-704452,706476,610
-705203,707227,519
-705649,707673,505
-706420,708444,512
-706904,708928,521
-707681,709705,611
-707809,709833,568
-708191,710215,556
-709001,711025,591
-709619,711643,573
-710415,712439,588
-711060,713084,597
-711788,713812,593
-712239,714263,577
-713165,715189,570
-713700,715724,531
-714513,716537,435
-715245,717269,399
-716013,718037,403
-716685,718709,392
-717692,719716,408
-718583,720607,401
-719308,721332,491
-719971,721995,515
-721022,723046,566
-721738,723762,560
-722423,724447,581
-722970,724994,478
-723919,725943,561
-724545,726569,504
-725230,727254,541
-725757,727781,531
-726503,728527,559
-726923,728947,530
-727804,729828,551
-728293,730317,545
-729077,731101,538
-729492,731516,512
-730196,732220,537
-730511,732535,521
-731209,733233,525
-731698,733722,530
-732244,734268,519
-732638,734662,520
-733151,735175,531
-733574,735598,518
-734107,736131,541
-734463,736487,546
-734973,736997,561
-735336,737360,542
-735872,737896,508
-736180,738204,423
-736869,738893,407
-737323,739347,408
-737860,739884,403
-738262,740286,411
-738918,740942,414
-739473,741497,388
-740121,742145,409
-740553,742577,402
-741257,743281,422
-741756,743780,439
-742362,744386,422
-742824,744848,421
-743522,745546,432
-744055,746079,415
-744653,746677,428
-745100,747124,402
-745766,747790,405
-746283,748307,392
-746920,748944,409
-747370,749394,378
-748095,750119,400
-748653,750677,408
-749304,751328,428
-749805,751829,401
-750618,752642,431
-752070,754094,410
-752399,754423,406
-753190,755214,429
-753665,755689,445
-754371,756395,419
-754836,756860,439
-755045,757069,473
-755266,757290,480
-755558,757582,505
-756050,758074,498
-756193,758217,498
-756432,758456,486
-756867,758891,421
-757250,759274,434
-758065,760089,462
-758686,760710,454
-759624,761648,473
-760089,762113,474
-760877,762901,521
-761513,763537,538
-761868,763892,556
-762193,764217,549
-762635,764659,563
-762798,764822,518
-763134,765158,535
-763272,765296,500
-763555,765579,470
-763936,765960,462
-764296,766320,467
-765121,767145,519
-765671,767695,486
-766741,768765,568
-767350,769374,570
-767630,769654,587
-767777,769801,616
-768130,770154,622
-768344,770368,630
-768652,770676,632
-768981,771005,647
-769255,771279,639
-769591,771615,556
-769879,771903,543
-770064,772088,539
-770249,772273,530
-771049,773073,566
-771682,773706,549
-772575,774599,583
-773296,775320,577
-774044,776068,618
-774605,776629,601
-775460,777484,658
-776082,778106,681
-776810,778834,614
-777333,779357,598
-778145,780169,616
-778795,780819,630
-779683,781707,633
-780007,782031,623
-780901,782925,639
-781478,783502,618
-782158,784182,653
-782690,784714,639
-783436,785460,686
-784010,786034,677
-784540,786564,723
-784590,786614,739
-784699,786723,699
-784988,787012,713
-785723,787747,659
-786173,788197,589
-786865,788889,562
-787312,789336,543
-788088,790112,540
-788740,790764,483
-789427,791451,503
-790045,792069,466
-790877,792901,470
-791646,793670,451
-792450,794474,420
-792988,795012,428
-794370,796394,418
-795327,797351,396
-796467,798491,458
-797446,799470,399
